Workbook

Sheet Input
A1: DataSet/Point | B1: 1 / 1 . | C1: 4 / 1 . | D1: 5 / 1 . | E1: 6 / 1 . | F1: 17 / 1 . | G1: 18 / 1 . | H1: 19 / 1 . | I1: 20 / 1 . | J1: 26 / 1 . | K1: 27 / 1 . | L1: 28 / 1 . | M1: 33 / 1 . | N1: 34 / 1 . | O1: 35 / 1 . | P1: 43 / 1 . | Q1: 44 / 1 . | R1: 50 / 1 . | S1: 51 / 1 . | T1: 52 / 1 . | U1: 55 / 1 . | V1: 56 / 1 . | W1: 58 / 1 . | X1: 59 / 1 . | Y1: 60 / 1 . | Z1: 61 / 1 . | AA1: 64 / 1 . | AB1: 65 / 1 . | AC1: 69 / 1 . | AD1: 70 / 1 . | AE1: 72 / 1 . | AF1: 73 / 1 . | AG1: 75 / 1 . | AH1: 76 / 1 . | AI1: 77 / 1 . | AJ1: 78 / 1 . | AK1: 79 / 1 . | AL1: 82 / 1 . | AM1: 83 / 1 . | AN1: 84 / 1 . | AO1: 85 / 1 . | AP1: 86 / 1 . | AQ1: 87 / 1 . | AR1: 89 / 1 . | AS1: 90 / 1 . | AT1: 91 / 1 . | AU1: 92 / 1 . | AV1: 94 / 1 . | AW1: 95 / 1 . | AX1: 97 / 1 . | AY1: 98 / 1 . | AZ1: 99 / 1 . | BA1: 101 / 1 . | BB1: 102 / 1 . | BC1: 108 / 1 . | BD1: 109 / 1 . | BE1: 110 / 1 . | BF1: 111 / 1 . | BG1: 114 / 1 . | BH1: 115 / 1 . | BI1: 117 / 1 . | BJ1: 118 / 1 .
A2: Comment | B2: YG182_test amph | C2: YG182_1_AmphC | D2: YG182_1_AmphB | E2: YG182_1_AmphB | F2: YG182_2_AmphC | G2: YG182_2_AmphB | H2: YG182_2_AmphC | I2: YG182_2_AmphB | J2: YG182_3_AmphC | K2: YG182_3_AmphB | L2: YG182_3_AmphB | M2: YG182_4_AmpC | N2: YG182_4_AmpC | O2: YG182_4_AmpB | P2: 19NC11C_1_AmphC | Q2: 19NC11C_1_AmphB | R2: 19NC11C_2_AmphC | S2: 19NC11C_2_AmphB | T2: 19NC11C_2_AmphB | U2: 19NC11C_2_AmpB | V2: 19NC11C_2_AmpC | W2: 19NC11C_3_AmphC | X2: 19NC11C_3_AmphB | Y2: 19NC11C_4_AmphC | Z2: 19NC11C_4_AmphB | AA2: SL59_1_AmphC | AB2: SL59_1_AmphB | AC2: SL59_2_AmphC | AD2: SL59_2_AmphB | AE2: SL59_3_AmphC | AF2: SL59_3_AmphB | AG2: SL59_4_AmphC | AH2: SL59_4_AmphB | AI2: SL59_4_AmphC | AJ2: SL59_4_AmphB | AK2: 19NC6D_4_AmphC | AL2: 19NC6D_4_AmphC | AM2: 19NC6D_3_AmphC | AN2: 19NC6D_3_AmphB | AO2: 19NC6D_3_AmphC | AP2: YG41_1_AmphC | AQ2: YG41_1_AmphB | AR2: YG41_1_AmphC | AS2: YG41_1_AmphB | AT2: YG41_1_AmphC | AU2: YG41_1_AmphB | AV2: YG41_2_AmphC | AW2: YG41_3_AmphB | AX2: YG41_4_AmphC | AY2: YG41_4_AmphC | AZ2: YG41_4_AmphB | BA2: 19NC04_X_AmphC | BB2: 19NC04_X_AmphB | BC2: 19NC04_X_Amph | BD2: 19NC04_X_Amph | BE2: 19NC04_X_Amph | BF2: 19NC08B_1_Amph | BG2: 19NC08B_X_AmphC | BH2: 19NC08B_X_AmphB | BI2: 19NC08B_X_Amph | BJ2: 19NC08B_X_AmphB
A3: SiO2 | B3: 46.44 | C3: 45.22 | D3: 44.98 | E3: 44.03 | F3: 44.95 | G3: 44.23 | H3: 44.96 | I3: 45.33 | J3: 45.95 | K3: 44.19 | L3: 45.63 | M3: 44.73 | N3: 45.72 | O3: 44.31 | P3: 44.7 | Q3: 51.09 | R3: 42.91 | S3: 42.89 | T3: 42.61 | U3: 42.07 | V3: 42.23 | W3: 45.55 | X3: 44.27 | Y3: 41.03 | Z3: 44.42 | AA3: 46.99 | AB3: 44.27 | AC3: 43.54 | AD3: 42.81 | AE3: 42.5 | AF3: 43.06 | AG3: 42.37 | AH3: 43.38 | AI3: 42.26 | AJ3: 43.27 | AK3: 43.92 | AL3: 43.51 | AM3: 44.27 | AN3: 44.19 | AO3: 44.27 | AP3: 44.29 | AQ3: 44.56 | AR3: 44.18 | AS3: 44.01 | AT3: 43.91 | AU3: 45.76 | AV3: 43.95 | AW3: 42.92 | AX3: 43.27 | AY3: 43.81 | AZ3: 44.32 | BA3: 43.24 | BB3: 43.13 | BC3: 42.3 | BD3: 42.86 | BE3: 42.82 | BF3: 41.75 | BG3: 41.26 | BH3: 42.62 | BI3: 41.5 | BJ3: 41.82
A4: TiO2 | B4: 0.44 | C4: 0.55 | D4: 0.57 | E4: 0.39 | F4: 0.62 | G4: 0.58 | H4: 0.6 | I4: 0.61 | J4: 0.49 | K4: 0.44 | L4: 0.6 | M4: 0.63 | N4: 0.63 | O4: 0.79 | P4: 1.37 | Q4: 0.08 | R4: 1.63 | S4: 1.59 | T4: 1.59 | U4: 1.55 | V4: 1.49 | W4: 0.85 | X4: 0.86 | Y4: 1.24 | Z4: 0.63 | AA4: 0.92 | AB4: 2.24 | AC4: 2.48 | AD4: 2.52 | AE4: 2.53 | AF4: 2.5 | AG4: 2.63 | AH4: 2.34 | AI4: 2.63 | AJ4: 2.36 | AK4: 0.77 | AL4: 0.9 | AM4: 0.78 | AN4: 0.72 | AO4: 0.78 | AP4: 0.87 | AQ4: 0.95 | AR4: 0.88 | AS4: 0.97 | AT4: 0.93 | AU4: 0.6 | AV4: 1.05 | AW4: 0.8 | AX4: 0.76 | AY4: 1.04 | AZ4: 0.92 | BA4: 1.49 | BB4: 1.51 | BC4: 1.44 | BD4: 1.38 | BE4: 1.56 | BF4: 1.82 | BG4: 1.87 | BH4: 1.57 | BI4: 1.98 | BJ4: 1.94
A5: Cr2O3 | B5: 0.05 | C5: 0.04 | D5: 0.03 | E5: 0.05 | F5: 0.03 | G5: 0.02 | H5: 0.07 | I5: 0.05 | J5: 0.06 | K5: 0.01 | L5: 0.05 | M5: 0.04 | N5: 0.06 | O5: 0.04 | P5: 0.09 | Q5: 0.02 | R5: 0.11 | S5: 0.11 | T5: 0.1 | U5: 0.11 | V5: 0.1 | W5: 0.07 | X5: 0.07 | Y5: 0.17 | Z5: 0.09 | AA5: 0.09 | AB5: 0.11 | AC5: 0.25 | AD5: 0.23 | AE5: 0.11 | AF5: 0.15 | AG5: 0.06 | AH5: 0.02 | AI5: 0.05 | AJ5: 0.04 | AK5: 0.02 | AL5: 0.02 | AM5: 0.06 | AN5: 0.07 | AO5: 0.07 | AP5: 0.05 | AQ5: 0.05 | AR5: 0.03 | AS5: 0.03 | AT5: 0.02 | AU5: 0.03 | AV5: 0.02 | AW5: 0 | AX5: 0.03 | AY5: 0.05 | AZ5: 0.02 | BA5: 0.02 | BB5: 0.02 | BC5: 0.03 | BD5: 0.02 | BE5: 0.01 | BF5: 0.03 | BG5: 0 | BH5: 0.03 | BI5: 0.02 | BJ5: 0.01
A6: Al2O3 | B6: 9.56 | C6: 11.21 | D6: 11.78 | E6: 11.73 | F6: 11.48 | G6: 11.91 | H6: 11.54 | I6: 11.44 | J6: 10.87 | K6: 9.27 | L6: 11.37 | M6: 11.74 | N6: 11.6 | O6: 12.23 | P6: 9.49 | Q6: 4.81 | R6: 11.31 | S6: 11.45 | T6: 11.29 | U6: 11.81 | V6: 11.96 | W6: 8.35 | X6: 10.17 | Y6: 15.09 | Z6: 11.22 | AA6: 9.44 | AB6: 11.11 | AC6: 12.36 | AD6: 12.32 | AE6: 12.53 | AF6: 11.91 | AG6: 12.98 | AH6: 12.96 | AI6: 12.61 | AJ6: 12.26 | AK6: 12.93 | AL6: 13.26 | AM6: 12.94 | AN6: 12.75 | AO6: 12.69 | AP6: 10.06 | AQ6: 10.34 | AR6: 10.36 | AS6: 10.38 | AT6: 10.18 | AU6: 8.58 | AV6: 10.35 | AW6: 10.96 | AX6: 11.96 | AY6: 10.31 | AZ6: 10.25 | BA6: 11.51 | BB6: 11.74 | BC6: 11.15 | BD6: 11.97 | BE6: 11.79 | BF6: 12.13 | BG6: 12.22 | BH6: 11.66 | BI6: 12.08 | BJ6: 11.73
A7: FeO | B7: 13.78 | C7: 13.44 | D7: 14.5 | E7: 14.61 | F7: 13.9 | G7: 14.65 | H7: 13.48 | I7: 14.11 | J7: 13.8 | K7: 14.59 | L7: 13.72 | M7: 13.89 | N7: 13.89 | O7: 14.45 | P7: 13.43 | Q7: 10.05 | R7: 14.33 | S7: 14.27 | T7: 14.68 | U7: 14.78 | V7: 14.53 | W7: 14.42 | X7: 14.05 | Y7: 13.83 | Z7: 13.77 | AA7: 11.56 | AB7: 13.27 | AC7: 12.17 | AD7: 12.75 | AE7: 13.48 | AF7: 13.12 | AG7: 13.32 | AH7: 13.09 | AI7: 12.99 | AJ7: 12.81 | AK7: 13.82 | AL7: 13.7 | AM7: 13.66 | AN7: 13.61 | AO7: 13.31 | AP7: 18.22 | AQ7: 17.73 | AR7: 17.92 | AS7: 18.48 | AT7: 18.3 | AU7: 17.48 | AV7: 18.6 | AW7: 18.39 | AX7: 15.96 | AY7: 18.37 | AZ7: 17.99 | BA7: 14.83 | BB7: 14.88 | BC7: 14.95 | BD7: 14.98 | BE7: 15.18 | BF7: 17 | BG7: 17.29 | BH7: 16.65 | BI7: 17.2 | BJ7: 16.39
A8: MnO | B8: 0.68 | C8: 0.84 | D8: 1.01 | E8: 1.11 | F8: 0.85 | G8: 0.84 | H8: 0.81 | I8: 0.85 | J8: 0.89 | K8: 0.89 | L8: 0.9 | M8: 0.77 | N8: 0.69 | O8: 0.7 | P8: 0.22 | Q8: 0.23 | R8: 0.18 | S8: 0.2 | T8: 0.21 | U8: 0.19 | V8: 0.26 | W8: 0.25 | X8: 0.23 | Y8: 0.15 | Z8: 0.21 | AA8: 0.18 | AB8: 0.26 | AC8: 0.14 | AD8: 0.21 | AE8: 0.24 | AF8: 0.22 | AG8: 0.24 | AH8: 0.21 | AI8: 0.25 | AJ8: 0.24 | AK8: 0.25 | AL8: 0.2 | AM8: 0.18 | AN8: 0.21 | AO8: 0.28 | AP8: 0.31 | AQ8: 0.27 | AR8: 0.34 | AS8: 0.34 | AT8: 0.33 | AU8: 0.27 | AV8: 0.28 | AW8: 0.26 | AX8: 0.25 | AY8: 0.3 | AZ8: 0.3 | BA8: 0.2 | BB8: 0.24 | BC8: 0.18 | BD8: 0.2 | BE8: 0.18 | BF8: 0.16 | BG8: 0.25 | BH8: 0.2 | BI8: 0.21 | BJ8: 0.24
A9: NiO | B9: 0.03 | C9: 0 | D9: 0 | E9: 0.03
A10: MgO | B10: 12.46 | C10: 13 | D10: 12.06 | E10: 11.98 | F10: 12.24 | G10: 11.92 | H10: 12.39 | I10: 12.42 | J10: 12.84 | K10: 11.1 | L10: 12.84 | M10: 12.18 | N10: 11.8 | O10: 12.09 | P10: 12.36 | Q10: 16.41 | R10: 11.66 | S10: 11.64 | T10: 11.74 | U10: 11.16 | V10: 11.2 | W10: 12.17 | X10: 12.38 | Y10: 7.05 | Z10: 11.19 | AA10: 12.51 | AB10: 12.98 | AC10: 12.59 | AD10: 12.28 | AE10: 12.11 | AF10: 12.34 | AG10: 11.88 | AH10: 12.38 | AI10: 11.88 | AJ10: 12.43 | AK10: 11.29 | AL10: 11.1 | AM10: 11.65 | AN10: 11.48 | AO10: 11.58 | AP10: 9.88 | AQ10: 9.89 | AR10: 9.8 | AS10: 9.65 | AT10: 9.62 | AU10: 10.79 | AV10: 9.58 | AW10: 9.42 | AX10: 7.53 | AY10: 9.46 | AZ10: 9.92 | BA10: 11.34 | BB10: 11.19 | BC10: 11.34 | BD10: 11.05 | BE10: 11.48 | BF10: 9.52 | BG10: 9.45 | BH10: 9.83 | BI10: 9.33 | BJ10: 9.73
A11: CaO | B11: 10.49 | C11: 10.53 | D11: 10.55 | E11: 10 | F11: 10.87 | G11: 10.94 | H11: 11.02 | I11: 10.81 | J11: 10.26 | K11: 10.35 | L11: 10.48 | M11: 10.81 | N11: 10.39 | O11: 10.85 | P11: 12.13 | Q11: 12.64 | R11: 11.95 | S11: 12.03 | T11: 12.07 | U11: 11.87 | V11: 12.09 | W11: 12.05 | X11: 11.83 | Y11: 16.24 | Z11: 13.1 | AA11: 13.58 | AB11: 11.34 | AC11: 11.29 | AD11: 11.48 | AE11: 11.12 | AF11: 11.2 | AG11: 11.21 | AH11: 11.17 | AI11: 11.24 | AJ11: 11.01 | AK11: 11.05 | AL11: 10.92 | AM11: 10.87 | AN11: 10.71 | AO11: 10.88 | AP11: 11.79 | AQ11: 11.69 | AR11: 11.85 | AS11: 11.78 | AT11: 11.42 | AU11: 11.74 | AV11: 11.44 | AW11: 11.67 | AX11: 14.35 | AY11: 11.48 | AZ11: 11.74 | BA11: 12.02 | BB11: 11.82 | BC11: 11.92 | BD11: 11.95 | BE11: 12 | BF11: 11.59 | BG11: 11.34 | BH11: 11.69 | BI11: 11.4 | BJ11: 11.98
A12: Na2O | B12: 1.35 | C12: 1.4 | D12: 1.51 | E12: 1.39 | F12: 1.39 | G12: 1.47 | H12: 1.37 | I12: 1.41 | J12: 1.41 | K12: 1.29 | L12: 1.53 | M12: 1.45 | N12: 1.63 | O12: 1.51 | P12: 1.38 | Q12: 0.74 | R12: 1.67 | S12: 1.57 | T12: 1.6 | U12: 1.64 | V12: 1.68 | W12: 1.24 | X12: 1.52 | Y12: 1.05 | Z12: 1.26 | AA12: 1.17 | AB12: 2.08 | AC12: 2.47 | AD12: 2.51 | AE12: 2.58 | AF12: 2.63 | AG12: 2.64 | AH12: 2.59 | AI12: 2.55 | AJ12: 2.56 | AK12: 2.44 | AL12: 2.59 | AM12: 2.47 | AN12: 2.49 | AO12: 2.58 | AP12: 1.41 | AQ12: 1.3 | AR12: 1.44 | AS12: 1.49 | AT12: 1.58 | AU12: 1.16 | AV12: 1.54 | AW12: 1.53 | AX12: 1 | AY12: 1.59 | AZ12: 1.44 | BA12: 1.97 | BB12: 1.99 | BC12: 1.91 | BD12: 1.95 | BE12: 1.96 | BF12: 2.38 | BG12: 2.42 | BH12: 2.25 | BI12: 2.22 | BJ12: 2.18
A13: K2O | B13: 0.24 | C13: 0.14 | D13: 0.27 | E13: 0.25 | F13: 0.34 | G13: 0.26 | H13: 0.21 | I13: 0.23 | J13: 0.16 | K13: 0.27 | L13: 0.14 | M13: 0.22 | N13: 0.25 | O13: 0.25 | P13: 0.73 | Q13: 0.26 | R13: 0.99 | S13: 1.02 | T13: 0.94 | U13: 1.01 | V13: 1.07 | W13: 0.7 | X13: 0.76 | Y13: 0.67 | Z13: 0.69 | AA13: 0.04 | AB13: 0.1 | AC13: 0.15 | AD13: 0.14 | AE13: 0.14 | AF13: 0.12 | AG13: 0.14 | AH13: 0.12 | AI13: 0.18 | AJ13: 0.12 | AK13: 0.45 | AL13: 0.32 | AM13: 0.38 | AN13: 0.37 | AO13: 0.28 | AP13: 0.13 | AQ13: 0.18 | AR13: 0.15 | AS13: 0.16 | AT13: 0.04 | AU13: 0.16 | AV13: 0.14 | AW13: 0.17 | AX13: 0.07 | AY13: 0.08 | AZ13: 0.17 | BA13: 0.04 | BB13: 0.03 | BC13: 0.04 | BD13: 0.07 | BE13: 0.09 | BF13: 0.09 | BG13: 0.14 | BH13: 0.08 | BI13: 0.05 | BJ13: 0.12
A14: H2O
A15: F
A16: Cl
A17: Total | B17: 95.54 | C17: 96.37 | D17: 97.28 | E17: 95.64 | F17: 96.68 | G17: 96.81 | H17: 96.46 | I17: 97.25 | J17: 96.75 | K17: 92.4 | L17: 97.25 | M17: 96.46 | N17: 96.66 | O17: 97.22 | P17: 95.89 | Q17: 96.33 | R17: 96.74 | S17: 96.77 | T17: 96.81 | U17: 96.2 | V17: 96.61 | W17: 95.65 | X17: 96.13 | Y17: 96.52 | Z17: 96.56 | AA17: 96.47 | AB17: 97.76 | AC17: 97.44 | AD17: 97.25 | AE17: 97.34 | AF17: 97.25 | AG17: 97.48 | AH17: 98.25 | AI17: 96.64 | AJ17: 97.1 | AK17: 96.95 | AL17: 96.52 | AM17: 97.26 | AN17: 96.6 | AO17: 96.72 | AP17: 97.01 | AQ17: 96.95 | AR17: 96.96 | AS17: 97.28 | AT17: 96.33 | AU17: 96.56 | AV17: 96.93 | AW17: 96.12 | AX17: 95.18 | AY17: 96.48 | AZ17: 97.07 | BA17: 96.66 | BB17: 96.57 | BC17: 95.27 | BD17: 96.43 | BE17: 97.07 | BF17: 96.48 | BG17: 96.24 | BH17: 96.59 | BI17: 96 | BJ17: 96.13
A20: Xfe3 for RAMP | B20: 0.2 | D20: F3+/Fetot
A24: DataSet/Point | B24: 1 / 1 . | C24: 10 / 1 . | D24: 17 / 1 . | E24: 22 / 1 . | F24: 26 / 1 . | G24: 28 / 1 . | H24: 29 / 1 . | I24: 30 / 1 . | J24: 31 / 1 . | K24: 34 / 1 . | L24: 35 / 1 . | M24: 36 / 1 . | N24: 37 / 1 . | O24: 41 / 1 . | P24: 42 / 1 . | Q24: 43 / 1 . | R24: 44 / 1 . | S24: 49 / 1 . | T24: 55 / 1 . | U24: 1 / 1 . | V24: 2 / 1 . | W24: 3 / 1 . | X24: 9 / 1 . | Y24: 10 / 1 . | Z24: 15 / 1 . | AA24: 16 / 1 . | AB24: 17 / 1 . | AC24: 25 / 1 . | AD24: 26 / 1 . | AE24: 29 / 1 . | AF24: 38 / 1 . | AG24: 41 / 1 . | AH24: 42 / 1 . | AI24: 46 / 1 . | AJ24: 47 / 1 . | AK24: 51 / 1 . | AL24: 57 / 1 .
A25: Al2O3 | B25: 3.3311 | C25: 0.8712 | D25: 1.7159 | E25: 26.203 | F25: 2.3119 | G25: 0.8069 | H25: 0.2297 | I25: 0.5896 | J25: 0.5228 | K25: 0.7624 | L25: 0.3529 | M25: 0.4715 | N25: 0.5386 | O25: 0.5158 | P25: 0.2355 | Q25: 0.9828 | R25: 0.1275 | S25: 0.7518 | T25: 1.1211 | U25: 0.2218 | V25: 0.1269 | W25: 0.5443 | X25: 0.3802 | Y25: 0.7515 | Z25: 0.0084 | AA25: 0.0194 | AB25: 0.0079 | AC25: 0.6533 | AD25: 1.4126 | AE25: 2.7088 | AF25: 0.691 | AG25: 1.0819 | AH25: 1.2539 | AI25: 1.2638 | AJ25: 1.1834 | AK25: 0.9422 | AL25: 1.1647
A26: SiO2 | B26: 56.0855 | C26: 46.8614 | D26: 57.087 | E26: 39.288 | F26: 54.7456 | G26: 56.8081 | H26: 56.9725 | I26: 56.8367 | J26: 56.5803 | K26: 56.8423 | L26: 57.3053 | M26: 57.1437 | N26: 56.8251 | O26: 57.2987 | P26: 57.3679 | Q26: 55.8048 | R26: 57.4408 | S26: 56.9793 | T26: 56.9206 | U26: 57.6755 | V26: 57.4831 | W26: 56.9842 | X26: 57.3848 | Y26: 57.3404 | Z26: 57.5181 | AA26: 57.8094 | AB26: 58.104 | AC26: 57.1233 | AD26: 57.0057 | AE26: 56.6083 | AF26: 56.9081 | AG26: 56.3142 | AH26: 56.6015 | AI26: 56.5624 | AJ26: 56.4456 | AK26: 56.662 | AL26: 56.8947
A27: TiO2 | B27: 0.0313 | C27: 0.0083 | D27: -0.0057 | E27: 0.062 | F27: 0.3075 | G27: 0.0077 | H27: 0 | I27: -0.0062 | J27: 0 | K27: 0.0046 | L27: 0.0108 | M27: 0.0222 | N27: 0.0268 | O27: -0.0046 | P27: -0.0052 | Q27: 0.0201 | R27: 0.0273 | S27: 0.0182 | T27: 0.0124 | U27: 0.0704 | V27: 0.002 | W27: 0.0072 | X27: 0.0067 | Y27: 0.0118 | Z27: 0.0038 | AA27: -0.0173 | AB27: -0.0239 | AC27: 0.0038 | AD27: -0.0156 | AE27: -0.0027 | AF27: 0 | AG27: 0.0027 | AH27: 0.0107 | AI27: 0.0043 | AJ27: 0.0113 | AK27: 0.0118 | AL27: -0.0113
A28: Cr2O3 | B28: 0.2769 | C28: 0.055 | D28: 0.0015 | E28: 0.0209 | F28: 0.4806 | G28: 0.1632 | H28: 0.0754 | I28: -0.0058 | J28: -0.0068 | K28: 0.0161 | L28: 0.0108 | M28: 0.001 | N28: 0.0259 | O28: 0.001 | P28: 0.0049 | Q28: -0.0024 | R28: 0.0294 | S28: 0.04 | T28: 0.073 | U28: 0.0219 | V28: -0.0053 | W28: 0.001 | X28: 0.0102 | Y28: 0.0223 | Z28: -0.0036 | AA28: 0.0258 | AB28: -0.0227 | AC28: 0.0195 | AD28: 0.0056 | AE28: 0.0459 | AF28: 0.022 | AG28: 0.1457 | AH28: 0.0728 | AI28: 0.0122 | AJ28: 0.0061 | AK28: 0.0066 | AL28: 0.0255
A29: Na2O | B29: 1.2956 | C29: 0.5731 | D29: 1.1869 | E29: 0.1999 | F29: 0.7042 | G29: 0.7007 | H29: 0.3806 | I29: 0.8147 | J29: 0.6513 | K29: 0.668 | L29: 0.458 | M29: 0.4815 | N29: 0.6184 | O29: 0.5539 | P29: 0.3691 | Q29: 0.3251 | R29: 0.2103 | S29: 0.2564 | T29: 0.8121 | U29: 0.0969 | V29: 0.175 | W29: 0.2634 | X29: 0.2262 | Y29: 0.333 | Z29: 0.0769 | AA29: 0.0666 | AB29: 0.101 | AC29: 0.3082 | AD29: 0.5746 | AE29: 0.4438 | AF29: 0.5932 | AG29: 0.5735 | AH29: 0.6181 | AI29: 0.6618 | AJ29: 0.6488 | AK29: 0.6447 | AL29: 0.6276
A30: MgO | B30: 18.9947 | C30: 17.5677 | D30: 20.6019 | E30: 4.1393 | F30: 19.9949 | G30: 20.305 | H30: 21.3774 | I30: 20.4156 | J30: 20.6378 | K30: 20.657 | L30: 20.9385 | M30: 20.8152 | N30: 20.8007 | O30: 20.6931 | P30: 20.9955 | Q30: 21.5068 | R30: 21.4656 | S30: 22.4679 | T30: 21.3578 | U30: 22.0946 | V30: 21.9859 | W30: 21.6385 | X30: 22.083 | Y30: 21.5833 | Z30: 23.5265 | AA30: 23.4373 | AB30: 23.3486 | AC30: 21.5339 | AD30: 20.6811 | AE30: 18.6525 | AF30: 20.9568 | AG30: 20.5761 | AH30: 20.5142 | AI30: 20.2853 | AJ30: 20.47 | AK30: 20.6779 | AL30: 20.3717
A31: MnO | B31: 0.1255 | C31: 0.1346 | D31: 0.1825 | E31: 0.2555 | F31: 0.0834 | G31: 0.1413 | H31: 0.1342 | I31: 0.1552 | J31: 0.1094 | K31: 0.1551 | L31: 0.1069 | M31: 0.1163 | N31: 0.1173 | O31: 0.1035 | P31: 0.1028 | Q31: 0.1172 | R31: 0.1131 | S31: 0.0872 | T31: 0.1513 | U31: 0 | V31: 0.1096 | W31: 0.1592 | X31: 0.1347 | Y31: 0.1372 | Z31: 0.0991 | AA31: 0.1316 | AB31: 0.1361 | AC31: 0.1235 | AD31: 0.1294 | AE31: 0.0917 | AF31: 0.1613 | AG31: 0.0722 | AH31: 0.1907 | AI31: 0.1785 | AJ31: 0.1695 | AK31: 0.189 | AL31: 0.1702
A32: FeO | B32: 5.5745 | C32: 4.0024 | D32: 4.9596 | E32: 0.7763 | F32: 5.1417 | G32: 5.5017 | H32: 4.7706 | I32: 5.722 | J32: 5.3908 | K32: 5.4798 | L32: 4.9588 | M32: 5.0018 | N32: 5.1876 | O32: 4.8155 | P32: 4.8014 | Q32: 5.0638 | R32: 4.4751 | S32: 1.9948 | T32: 3.5698 | U32: 3.5944 | V32: 4.1052 | W32: 4.0052 | X32: 3.5171 | Y32: 4.1205 | Z32: 1.7441 | AA32: 1.6933 | AB32: 2.0009 | AC32: 3.7364 | AD32: 4.3356 | AE32: 4.7824 | AF32: 5.009 | AG32: 5.5903 | AH32: 5.4599 | AI32: 5.2792 | AJ32: 5.4304 | AK32: 5.082 | AL32: 5.7029
A33: CaO | B33: 11.0178 | C33: 10.1034 | D33: 11.6421 | E33: 23.5811 | F33: 12.8936 | G33: 12.3738 | H33: 13.2878 | I33: 12.2659 | J33: 12.6007 | K33: 12.6079 | L33: 12.9124 | M33: 12.8667 | N33: 12.8802 | O33: 12.8871 | P33: 13.2028 | Q33: 12.3564 | R33: 13.3413 | S33: 13.6642 | T33: 12.5186 | U33: 11.9929 | V33: 13.5372 | W33: 13.3047 | X33: 13.4586 | Y33: 13.2912 | Z33: 13.7817 | AA33: 13.7933 | AB33: 13.7142 | AC33: 13.3988 | AD33: 12.94 | AE33: 12.424 | AF33: 13.1207 | AG33: 12.8061 | AH33: 12.6837 | AI33: 12.4729 | AJ33: 12.5182 | AK33: 12.7437 | AL33: 12.6554
A34: K2O | B34: 0.0576 | C34: 0.0334 | D34: 0.059 | E34: 0.0011 | F34: 0.0171 | G34: 0.0388 | H34: 0.0182 | I34: 0.0502 | J34: 0.0365 | K34: 0.034 | L34: 0.0295 | M34: 0.0364 | N34: 0.0267 | O34: 0.0351 | P34: 0.0114 | Q34: 0.0185 | R34: 0.033 | S34: 0.0125 | T34: 0.039 | U34: 0.036 | V34: 0.0319 | W34: -0.1984 | X34: 0.0217 | Y34: 0.0273 | Z34: 0.0057 | AA34: 0.0115 | AB34: 0.0194 | AC34: 0.0166 | AD34: 0.0361 | AE34: 0.0254 | AF34: 0.0215 | AG34: 0.0364 | AH34: 0.043 | AI34: 0.0389 | AJ34: -0.2065 | AK34: -0.19 | AL34: 0.0328
A35: NiO | B35: 0.1011 | C35: 0.045 | D35: 0.04 | E35: 0.021 | F35: 0.0686 | G35: 0.0817 | H35: 0.1438 | I35: 0.1384 | J35: 0.1015 | K35: 0.1205 | L35: 0.1117 | M35: 0.1509 | N35: 0.1494 | O35: 0.1721 | P35: 0.2035 | Q35: 0.2199 | R35: 0.1801 | S35: 0.0836 | T35: 0.0317 | U35: 0.0581 | V35: 0.0734 | W35: 0.0762 | X35: 0.08 | Y35: 0.0633 | Z35: 0.0889 | AA35: 0.0557 | AB35: 0.0703 | AC35: 0.108 | AD35: 0.0502 | AE35: 0.0742 | AF35: 0.0522 | AG35: 0.0311 | AH35: 0.0256 | AI35: 0.0567 | AJ35: 0.0542 | AK35: 0.0562 | AL35: 0.0271
A36: Total | B36: 96.8915 | C36: 80.2555 | D36: 97.4761 | E36: 94.5482 | F36: 96.749 | G36: 96.9289 | H36: 97.3902 | I36: 96.9884 | J36: 96.6311 | K36: 97.3479 | L36: 97.1955 | M36: 97.1072 | N36: 97.1967 | O36: 97.0757 | P36: 97.2948 | Q36: 96.4153 | R36: 97.4436 | S36: 96.3558 | T36: 96.6074 | U36: 95.8626 | V36: 97.6302 | W36: 96.9839 | X36: 97.3031 | Y36: 97.6818 | Z36: 96.8532 | AA36: 97.0439 | AB36: 97.5024 | AC36: 97.0251 | AD36: 97.1709 | AE36: 95.8571 | AF36: 97.5359 | AG36: 97.2302 | AH36: 97.474 | AI36: 96.8161 | AJ36: 96.9376 | AK36: 97.0162 | AL36: 97.6726
... A39: Z | B39: 30 | C39: -5 | D39: 40 | E39: 47 | F39: -21 | G39: -22 | H39: -22 | I39: -19 | J39: -18 | K39: -28 | L39: -28 | M39: -23 | N39: -23 | O39: 20 | P39: 20 | Q39: 26 | R39: 26 | S39: 65 | T39: 74 | U39: 57 | V39: 58 | W39: 58 | X39: 36 | Y39: 32 | Z39: 39 | AA39: 41 | AB39: 36 | AC39: 68 | AD39: 67 | AE39: 68 | AF39: 4 | AG39: 8 | AH39: 3 | AI39: 48 | AJ39: 50 | AK39: 40 | AL39: 47
A40: Comment | B40: CO1423-2b-amph | C40: CO1423-2a-10amph | D40: CO1423-2a-rep10 | E40: CO1423-4-21amph | F40: CO1418-4coeurband | G40: CO1418-4-amphcoeur | H40: CO1418-4-amphbord | I40: CO1418-4-chl | J40: CO1418-4-chl | K40: CO1418-3b-amph | L40: CO1418-3b-amphbord | M40: CO1418-3b-amphcoeur | N40: CO1418-3b-amphbord | O40: CO1418-1-amph | P40: CO1418-1-amph | Q40: CO1418-1-amph | R40: CO1418-1-amph | S40: CO1429-1a-amph | T40: CO1429-2a-amph | U40: CO1411-2a-amph | V40: CO1411-2a-amphcoeur | W40: CO1411-2a-amphbord | X40: CO1411-1b-amph | Y40: CO1411-1b-amph | Z40: CO1414-2b-amph | AA40: CO1414-2b-amph | AB40: CO1414-2b-amph | AC40: CO1410-5-amph | AD40: CO1410-5-amph | AE40: CO1410-5-amph | AF40: CO1421-1-amph | AG40: CO1421-2c-amphbord | AH40: CO1421-2c-amphbord | AI40: CO1421-3b-amph | AJ40: CO1421-3b-amph | AK40: CO1421-3b-amph | AL40: CO1421-3a-amph
A41: Point# | B41: 1 | C41: 10 | D41: 17 | E41: 22 | F41: 26 | G41: 28 | H41: 29 | I41: 30 | J41: 31 | K41: 34 | L41: 35 | M41: 36 | N41: 37 | O41: 41 | P41: 42 | Q41: 43 | R41: 44 | S41: 49 | T41: 55 | U41: 1 | V41: 2 | W41: 3 | X41: 9 | Y41: 10 | Z41: 15 | AA41: 16 | AB41: 17 | AC41: 25 | AD41: 26 | AE41: 29 | AF41: 38 | AG41: 41 | AH41: 42 | AI41: 46 | AJ41: 47 | AK41: 51 | AL41: 57
A42: Date | B42: 41977.412 | C42: 41977.477 | D42: 41977.545 | E42: 41977.557 | F42: 41977.567 | G42: 41977.572 | H42: 41977.574 | I42: 41977.577 | J42: 41977.579 | K42: 41977.586 | L42: 41977.589 | M42: 41977.591 | N42: 41977.594 | O42: 41977.603 | P42: 41977.606 | Q42: 41977.608 | R42: 41977.611 | S42: 41977.631 | T42: 41977.665 | U42: 41978.411 | V42: 41978.416 | W42: 41978.42 | X42: 41978.443 | Y42: 41978.446 | Z42: 41978.504 | AA42: 41978.506 | AB42: 41978.509 | AC42: 41978.528 | AD42: 41978.53 | AE42: 41978.537 | AF42: 41978.642 | AG42: 41978.649 | AH42: 41978.652 | AI42: 41978.661 | AJ42: 41978.663 | AK42: 41978.673 | AL42: 41978.687

Sheet NAMP
A1: AMPHIBOLE NAMP NORM (stoichiometric, Sum(Cations) = 13+Na+K+Ca, I.e. no Mg/Fe/Mn on M4)
B3: Ox weight | C3: Cat mult | D3: charge
A4: SiO2 | B4: 60.08 | C4: 1 | D4: 4
A5: TiO2 | B5: 79.9 | C5: 1 | D5: 4
A6: Cr2O3 | B6: 151.9908 | C6: 2 | D6: 3
A7: Al2O3 | B7: 101.94 | C7: 2 | D7: 3
A8: FeO | B8: 71.85 | C8: 1 | D8: 2
A9: MnO | B9: 70.937 | C9: 1 | D9: 2
A10: NiO | B10: 74.7094 | C10: 1 | D10: 2
A11: MgO | B11: 40.31 | C11: 1 | D11: 2
A12: CaO | B12: 56.08 | C12: 1 | D12: 2
A13: Na2O | B13: 61.982 | C13: 2 | D13: 1
A14: K2O | B14: 94.2 | C14: 2 | D14: 1
A15: Fe2O3 | B15: 159.691 | C15: 2 | D15: 3
... A18: Cl | B18: 35.453 | C18: 1 | D18: 0
A21: Input | B21: =Input!B1 -> 1 / 1 . | C21: =Input!C1 -> 4 / 1 . | D21: =Input!D1 -> 5 / 1 . | E21: =Input!E1 -> 6 / 1 . | F21: =Input!F1 -> 17 / 1 . | G21: =Input!G1 -> 18 / 1 . | H21: =Input!H1 -> 19 / 1 . | I21: =Input!I1 -> 20 / 1 . | ... T21: =Input!T1 -> 52 / 1 .
B22: =Input!B2 -> YG182_test amph | C22: =Input!C2 -> YG182_1_AmphC | D22: =Input!D2 -> YG182_1_AmphB | E22: =Input!E2 -> YG182_1_AmphB | F22: =Input!F2 -> YG182_2_AmphC | G22: =Input!G2 -> YG182_2_AmphB | H22: =Input!H2 -> YG182_2_AmphC | I22: =Input!I2 -> YG182_2_AmphB | ... T22: =Input!T2 -> 19NC11C_2_AmphB
A23: SiO2 | B23: =Input!B3 -> 46.44 | C23: =Input!C3 -> 45.22 | D23: =Input!D3 -> 44.98 | E23: =Input!E3 -> 44.03 | F23: =Input!F3 -> 44.95 | G23: =Input!G3 -> 44.23 | H23: =Input!H3 -> 44.96 | I23: =Input!I3 -> 45.33 | ... T23: =Input!T3 -> 42.61
A24: TiO2 | B24: =Input!B4 -> 0.44 | C24: =Input!C4 -> 0.55 | D24: =Input!D4 -> 0.57 | E24: =Input!E4 -> 0.39 | F24: =Input!F4 -> 0.62 | G24: =Input!G4 -> 0.58 | H24: =Input!H4 -> 0.6 | I24: =Input!I4 -> 0.61 | ... T24: =Input!T4 -> 1.59
A25: Cr2O3 | B25: =Input!B5 -> 0.05 | C25: =Input!C5 -> 0.04 | D25: =Input!D5 -> 0.03 | E25: =Input!E5 -> 0.05 | F25: =Input!F5 -> 0.03 | G25: =Input!G5 -> 0.02 | H25: =Input!H5 -> 0.07 | I25: =Input!I5 -> 0.05 | ... T25: =Input!T5 -> 0.1
A26: Al2O3 | B26: =Input!B6 -> 9.56 | C26: =Input!C6 -> 11.21 | D26: =Input!D6 -> 11.78 | E26: =Input!E6 -> 11.73 | F26: =Input!F6 -> 11.48 | G26: =Input!G6 -> 11.91 | H26: =Input!H6 -> 11.54 | I26: =Input!I6 -> 11.44 | ... T26: =Input!T6 -> 11.29
A27: FeO | B27: =Input!B7 -> 13.78 | C27: =Input!C7 -> 13.44 | D27: =Input!D7 -> 14.5 | E27: =Input!E7 -> 14.61 | F27: =Input!F7 -> 13.9 | G27: =Input!G7 -> 14.65 | H27: =Input!H7 -> 13.48 | I27: =Input!I7 -> 14.11 | ... T27: =Input!T7 -> 14.68
A28: MnO | B28: =Input!B8 -> 0.68 | C28: =Input!C8 -> 0.84 | D28: =Input!D8 -> 1.01 | E28: =Input!E8 -> 1.11 | F28: =Input!F8 -> 0.85 | G28: =Input!G8 -> 0.84 | H28: =Input!H8 -> 0.81 | I28: =Input!I8 -> 0.85 | ... T28: =Input!T8 -> 0.21
A29: NiO | B29: =Input!B9 -> 0.03 | C29: =Input!C9 -> 0 | D29: =Input!D9 -> 0 | E29: =Input!E9 -> 0.03 | F29: =Input!F9 -> 0 | G29: =Input!G9 -> 0 | H29: =Input!H9 -> 0 | I29: =Input!I9 -> 0 | ... T29: =Input!T9 -> 0
A30: MgO | B30: =Input!B10 -> 12.46 | C30: =Input!C10 -> 13 | D30: =Input!D10 -> 12.06 | E30: =Input!E10 -> 11.98 | F30: =Input!F10 -> 12.24 | G30: =Input!G10 -> 11.92 | H30: =Input!H10 -> 12.39 | I30: =Input!I10 -> 12.42 | ... T30: =Input!T10 -> 11.74
A31: CaO | B31: =Input!B11 -> 10.49 | C31: =Input!C11 -> 10.53 | D31: =Input!D11 -> 10.55 | E31: =Input!E11 -> 10 | F31: =Input!F11 -> 10.87 | G31: =Input!G11 -> 10.94 | H31: =Input!H11 -> 11.02 | I31: =Input!I11 -> 10.81 | ... T31: =Input!T11 -> 12.07
A32: Na2O | B32: =Input!B12 -> 1.35 | C32: =Input!C12 -> 1.4 | D32: =Input!D12 -> 1.51 | E32: =Input!E12 -> 1.39 | F32: =Input!F12 -> 1.39 | G32: =Input!G12 -> 1.47 | H32: =Input!H12 -> 1.37 | I32: =Input!I12 -> 1.41 | ... T32: =Input!T12 -> 1.6
A33: K2O | B33: =Input!B13 -> 0.24 | C33: =Input!C13 -> 0.14 | D33: =Input!D13 -> 0.27 | E33: =Input!E13 -> 0.25 | F33: =Input!F13 -> 0.34 | G33: =Input!G13 -> 0.26 | H33: =Input!H13 -> 0.21 | I33: =Input!I13 -> 0.23 | ... T33: =Input!T13 -> 0.94
A34: H2O | B34: =Input!B14 -> 0 | C34: =Input!C14 -> 0 | D34: =Input!D14 -> 0 | E34: =Input!E14 -> 0 | F34: =Input!F14 -> 0 | G34: =Input!G14 -> 0 | H34: =Input!H14 -> 0 | I34: =Input!I14 -> 0 | ... T34: =Input!T14 -> 0
... A36: Cl | B36: =Input!B16 -> 0 | C36: =Input!C16 -> 0 | D36: =Input!D16 -> 0 | E36: =Input!E16 -> 0 | F36: =Input!F16 -> 0 | G36: =Input!G16 -> 0 | H36: =Input!H16 -> 0 | I36: =Input!I16 -> 0 | ... T36: =Input!T16 -> 0
A38: Total | B38: =SUM(B23:B33) -> 95.52 | C38: =SUM(C23:C33) -> 96.37 | D38: =SUM(D23:D33) -> 97.26 | E38: =SUM(E23:E33) -> 95.57 | F38: =SUM(F23:F33) -> 96.67 | G38: =SUM(G23:G33) -> 96.82 | H38: =SUM(H23:H33) -> 96.45 | I38: =SUM(I23:I33) -> 97.26 | ... T38: =SUM(T23:T33) -> 96.83
A41: Atoms
A42: Si | B42: =B23*$C4/$B4 -> 0.77296937 | C42: =C23*$C4/$B4 -> 0.75266312 | D42: =D23*$C4/$B4 -> 0.74866844 | E42: =E23*$C4/$B4 -> 0.73285619 | F42: =F23*$C4/$B4 -> 0.74816911 | G42: =G23*$C4/$B4 -> 0.73618509 | H42: =H23*$C4/$B4 -> 0.74833555 | I42: =I23*$C4/$B4 -> 0.75449401 | ... T42: =T23*$C4/$B4 -> 0.70922104
A43: Ti | B43: =B24*$C5/$B5 -> 0.0055068836 | C43: =C24*$C5/$B5 -> 0.0068836045 | D43: =D24*$C5/$B5 -> 0.0071339174 | E43: =E24*$C5/$B5 -> 0.0048811014 | F43: =F24*$C5/$B5 -> 0.0077596996 | G43: =G24*$C5/$B5 -> 0.0072590738 | H43: =H24*$C5/$B5 -> 0.0075093867 | I43: =I24*$C5/$B5 -> 0.0076345432 | ... T43: =T24*$C5/$B5 -> 0.019899875
A44: Cr | B44: =B25*$C6/$B6 -> 0.00065793456 | C44: =C25*$C6/$B6 -> 0.00052634765 | D44: =D25*$C6/$B6 -> 0.00039476074 | E44: =E25*$C6/$B6 -> 0.00065793456 | F44: =F25*$C6/$B6 -> 0.00039476074 | G44: =G25*$C6/$B6 -> 0.00026317382 | H44: =H25*$C6/$B6 -> 0.00092110838 | I44: =I25*$C6/$B6 -> 0.00065793456 | ... T44: =T25*$C6/$B6 -> 0.0013158691
A45: Al | B45: =B26*$C7/$B7 -> 0.18756131 | C45: =C26*$C7/$B7 -> 0.21993329 | D45: =D26*$C7/$B7 -> 0.23111634 | E45: =E26*$C7/$B7 -> 0.23013537 | F45: =F26*$C7/$B7 -> 0.22523053 | G45: =G26*$C7/$B7 -> 0.23366686 | H45: =H26*$C7/$B7 -> 0.22640769 | I45: =I26*$C7/$B7 -> 0.22444575 | ... T45: =T26*$C7/$B7 -> 0.22150284
A46: Fe | B46: =B27*$C8/$B8 -> 0.19178845 | C46: =C27*$C8/$B8 -> 0.18705637 | D46: =D27*$C8/$B8 -> 0.20180932 | E46: =E27*$C8/$B8 -> 0.20334029 | F46: =F27*$C8/$B8 -> 0.19345859 | G46: =G27*$C8/$B8 -> 0.20389701 | H46: =H27*$C8/$B8 -> 0.18761308 | I46: =I27*$C8/$B8 -> 0.19638135 | ... T46: =T27*$C8/$B8 -> 0.20431454
A47: Mn | B47: =B28*$C9/$B9 -> 0.0095859707 | C47: =C28*$C9/$B9 -> 0.011841493 | D47: =D28*$C9/$B9 -> 0.014237986 | E47: =E28*$C9/$B9 -> 0.015647687 | F47: =F28*$C9/$B9 -> 0.011982463 | G47: =G28*$C9/$B9 -> 0.011841493 | H47: =H28*$C9/$B9 -> 0.011418583 | I47: =I28*$C9/$B9 -> 0.011982463 | ... T47: =T28*$C9/$B9 -> 0.0029603733
A48: Ni | B48: =B29*$C10/$B10 -> 0.0004015559 | C48: =C29*$C10/$B10 -> 0 | D48: =D29*$C10/$B10 -> 0 | E48: =E29*$C10/$B10 -> 0.0004015559 | F48: =F29*$C10/$B10 -> 0 | G48: =G29*$C10/$B10 -> 0 | H48: =H29*$C10/$B10 -> 0 | I48: =I29*$C10/$B10 -> 0 | ... T48: =T29*$C10/$B10 -> 0
A49: Mg | B49: =B30*$C11/$B11 -> 0.30910444 | C49: =C30*$C11/$B11 -> 0.32250062 | D49: =D30*$C11/$B11 -> 0.29918134 | E49: =E30*$C11/$B11 -> 0.29719673 | F49: =F30*$C11/$B11 -> 0.30364674 | G49: =G30*$C11/$B11 -> 0.29570826 | H49: =H30*$C11/$B11 -> 0.3073679 | I49: =I30*$C11/$B11 -> 0.30811213 | ... T49: =T30*$C11/$B11 -> 0.29124287
A50: Ca | B50: =B31*$C12/$B12 -> 0.18705421 | C50: =C31*$C12/$B12 -> 0.18776748 | D50: =D31*$C12/$B12 -> 0.18812411 | E50: =E31*$C12/$B12 -> 0.17831669 | F50: =F31*$C12/$B12 -> 0.19383024 | G50: =G31*$C12/$B12 -> 0.19507846 | H50: =H31*$C12/$B12 -> 0.19650499 | I50: =I31*$C12/$B12 -> 0.19276034 | ... T50: =T31*$C12/$B12 -> 0.21522825
A51: Na | B51: =B32*$C13/$B13 -> 0.043561034 | C51: =C32*$C13/$B13 -> 0.045174405 | D51: =D32*$C13/$B13 -> 0.048723823 | E51: =E32*$C13/$B13 -> 0.044851731 | F51: =F32*$C13/$B13 -> 0.044851731 | G51: =G32*$C13/$B13 -> 0.047433126 | H51: =H32*$C13/$B13 -> 0.044206382 | I51: =I32*$C13/$B13 -> 0.04549708 | ... T51: =T32*$C13/$B13 -> 0.051627892
A52: K | B52: =B33*$C14/$B14 -> 0.0050955414 | C52: =C33*$C14/$B14 -> 0.0029723992 | D52: =D33*$C14/$B14 -> 0.0057324841 | E52: =E33*$C14/$B14 -> 0.0053078556 | F52: =F33*$C14/$B14 -> 0.0072186837 | G52: =G33*$C14/$B14 -> 0.0055201699 | H52: =H33*$C14/$B14 -> 0.0044585987 | I52: =I33*$C14/$B14 -> 0.0048832272 | ... T52: =T33*$C14/$B14 -> 0.019957537
A53: H | B53: =B34*$C16/$B16 -> 0 | C53: =C34*$C16/$B16 -> 0 | D53: =D34*$C16/$B16 -> 0 | E53: =E34*$C16/$B16 -> 0 | F53: =F34*$C16/$B16 -> 0 | G53: =G34*$C16/$B16 -> 0 | H53: =H34*$C16/$B16 -> 0 | I53: =I34*$C16/$B16 -> 0 | ... T53: =T34*$C16/$B16 -> 0
A54: F | B54: =B35*$C17/$B17 -> 0 | C54: =C35*$C17/$B17 -> 0 | D54: =D35*$C17/$B17 -> 0 | E54: =E35*$C17/$B17 -> 0 | F54: =F35*$C17/$B17 -> 0 | G54: =G35*$C17/$B17 -> 0 | H54: =H35*$C17/$B17 -> 0 | I54: =I35*$C17/$B17 -> 0 | ... T54: =T35*$C17/$B17 -> 0
A55: Cl | B55: =B36*$C18/$B18 -> 0 | C55: =C36*$C18/$B18 -> 0 | D55: =D36*$C18/$B18 -> 0 | E55: =E36*$C18/$B18 -> 0 | F55: =F36*$C18/$B18 -> 0 | G55: =G36*$C18/$B18 -> 0 | H55: =H36*$C18/$B18 -> 0 | I55: =I36*$C18/$B18 -> 0 | ... T55: =T36*$C18/$B18 -> 0
A56: Total | B56: =SUM(B42:B49) -> 1.4775759 | C56: =SUM(C42:C49) -> 1.5014048 | D56: =SUM(D42:D49) -> 1.5025421 | E56: =SUM(E42:E49) -> 1.4851169 | F56: =SUM(F42:F49) -> 1.4906419 | G56: =SUM(G42:G49) -> 1.488821 | H56: =SUM(H42:H49) -> 1.4895733 | I56: =SUM(I42:I49) -> 1.5037082 | ... T56: =SUM(T42:T49) -> 1.4504574
A58: Cations all Fe2+ (Cations = 13+Na+Ca+K) (NAMP)
A59: Si | B59: =B42*13/B$56 -> 6.8007347 | C59: =C42*13/C$56 -> 6.5169768 | D59: =D42*13/D$56 -> 6.4774821 | E59: =E42*13/E$56 -> 6.4150713 | F59: =F42*13/F$56 -> 6.524839 | G59: =G42*13/G$56 -> 6.428178 | H59: =H42*13/H$56 -> 6.5309724 | I59: =I42*13/I$56 -> 6.5228229 | ... T59: =T42*13/T$56 -> 6.3565282
A60: Ti | B60: =B43*13/B$56 -> 0.048450632 | C60: =C43*13/C$56 -> 0.059602085 | D60: =D43*13/D$56 -> 0.06172268 | E60: =E43*13/E$56 -> 0.042726818 | F60: =F43*13/F$56 -> 0.067672924 | G60: =G43*13/G$56 -> 0.063384358 | H60: =H43*13/H$56 -> 0.065536907 | I60: =I43*13/I$56 -> 0.066002874 | ... T60: =T43*13/T$56 -> 0.17835641
A61: Cr | B61: =B44*13/B$56 -> 0.0057886361 | C61: =C44*13/C$56 -> 0.0045574113 | D61: =D44*13/D$56 -> 0.0034154714 | E61: =E44*13/E$56 -> 0.0057592433 | F61: =F44*13/F$56 -> 0.0034427381 | G61: =G44*13/G$56 -> 0.0022979658 | H61: =H44*13/H$56 -> 0.0080388182 | I61: =I44*13/I$56 -> 0.005688038 | ... T61: =T44*13/T$56 -> 0.011793727
A62: Al | B62: =B45*13/B$56 -> 1.6502009 | C62: =C45*13/C$56 -> 1.904305 | D62: =D45*13/D$56 -> 1.9996195 | E62: =E45*13/E$56 -> 2.0144946 | F62: =F45*13/F$56 -> 1.9642524 | G62: =G45*13/G$56 -> 2.0403187 | H62: =H45*13/H$56 -> 1.975935 | I62: =I45*13/I$56 -> 1.9403996 | ... T62: =T45*13/T$56 -> 1.9852613
A63: Fe | B63: =B46*13/B$56 -> 1.687392 | C63: =C46*13/C$56 -> 1.6196383 | D63: =D46*13/D$56 -> 1.746055 | E63: =E46*13/E$56 -> 1.7799433 | F63: =F46*13/F$56 -> 1.6871669 | G63: =G46*13/G$56 -> 1.780376 | H63: =H46*13/H$56 -> 1.6373616 | I63: =I46*13/I$56 -> 1.6977746 | ... T63: =T46*13/T$56 -> 1.8312079
A64: Mn | B64: =B47*13/B$56 -> 0.084339232 | C64: =C47*13/C$56 -> 0.10253025 | D64: =D47*13/D$56 -> 0.12318711 | E64: =E47*13/E$56 -> 0.13697234 | F64: =F47*13/F$56 -> 0.10449996 | G64: =G47*13/G$56 -> 0.10339686 | H64: =H47*13/H$56 -> 0.099653756 | I64: =I47*13/I$56 -> 0.10359192 | ... T64: =T47*13/T$56 -> 0.026532908
A65: Ni | B65: =B48*13/B$56 -> 0.0035329668 | C65: =C48*13/C$56 -> 0 | D65: =D48*13/D$56 -> 0 | E65: =E48*13/E$56 -> 0.0035150275 | F65: =F48*13/F$56 -> 0 | G65: =G48*13/G$56 -> 0 | H65: =H48*13/H$56 -> 0 | I65: =I48*13/I$56 -> 0 | ... T65: =T48*13/T$56 -> 0
A66: Mg | B66: =B49*13/B$56 -> 2.7195609 | C66: =C49*13/C$56 -> 2.7923901 | D66: =D49*13/D$56 -> 2.5885181 | E66: =E49*13/E$56 -> 2.6015174 | F66: =F49*13/F$56 -> 2.648126 | G66: =G49*13/G$56 -> 2.5820481 | H66: =H49*13/H$56 -> 2.6825015 | I66: =I49*13/I$56 -> 2.6637201 | ... T66: =T49*13/T$56 -> 2.6103195
A67: Ca | B67: =B50*13/B$56 -> 1.6457393 | C67: =C50*13/C$56 -> 1.6257955 | D67: =D50*13/D$56 -> 1.6276505 | E67: =E50*13/E$56 -> 1.5608987 | F67: =F50*13/F$56 -> 1.6904081 | G67: =G50*13/G$56 -> 1.7033747 | H67: =H50*13/H$56 -> 1.7149642 | I67: =I50*13/I$56 -> 1.6664699 | ... T67: =T50*13/T$56 -> 1.929024
A68: Na | B68: =B51*13/B$56 -> 0.38325844 | C68: =C51*13/C$56 -> 0.39114518 | D68: =D51*13/D$56 -> 0.4215587 | E68: =E51*13/E$56 -> 0.39261052 | F68: =F51*13/F$56 -> 0.39115532 | G68: =G51*13/G$56 -> 0.4141738 | H68: =H51*13/H$56 -> 0.38580375 | I68: =I51*13/I$56 -> 0.39333565 | ... T68: =T51*13/T$56 -> 0.46272479
A69: K | B69: =B52*13/B$56 -> 0.044831563 | C69: =C52*13/C$56 -> 0.025736689 | D69: =D52*13/D$56 -> 0.049597474 | E69: =E52*13/E$56 -> 0.04646242 | F69: =F52*13/F$56 -> 0.062954683 | G69: =G52*13/G$56 -> 0.048200697 | H69: =H52*13/H$56 -> 0.038911669 | I69: =I52*13/I$56 -> 0.042216937 | ... T69: =T52*13/T$56 -> 0.17887322
A70: H | B70: =B53*13/B$56 -> 0 | C70: =C53*13/C$56 -> 0 | D70: =D53*13/D$56 -> 0 | E70: =E53*13/E$56 -> 0 | F70: =F53*13/F$56 -> 0 | G70: =G53*13/G$56 -> 0 | H70: =H53*13/H$56 -> 0 | I70: =I53*13/I$56 -> 0 | ... T70: =T53*13/T$56 -> 0
... A72: Cl | B72: =B55*13/B$56 -> 0 | C72: =C55*13/C$56 -> 0 | D72: =D55*13/D$56 -> 0 | E72: =E55*13/E$56 -> 0 | F72: =F55*13/F$56 -> 0 | G72: =G55*13/G$56 -> 0 | H72: =H55*13/H$56 -> 0 | I72: =I55*13/I$56 -> 0 | ... T72: =T55*13/T$56 -> 0
A73: Total | B73: =SUM(B59:B69) -> 15.073829 | C73: =SUM(C59:C69) -> 15.042677 | D73: =SUM(D59:D69) -> 15.098807 | E73: =SUM(E59:E69) -> 14.999972 | F73: =SUM(F59:F69) -> 15.144518 | G73: =SUM(G59:G69) -> 15.165749 | H73: =SUM(H59:H69) -> 15.13968 | I73: =SUM(I59:I69) -> 15.102023 | ... T73: =SUM(T59:T69) -> 15.570622
A75: Charges
A76: Si | B76: =B59*$D4 -> 27.202939 | C76: =C59*$D4 -> 26.067907 | D76: =D59*$D4 -> 25.909929 | E76: =E59*$D4 -> 25.660285 | F76: =F59*$D4 -> 26.099356 | G76: =G59*$D4 -> 25.712712 | H76: =H59*$D4 -> 26.12389 | I76: =I59*$D4 -> 26.091291 | ... T76: =T59*$D4 -> 25.426113
A77: Ti | B77: =B60*$D5 -> 0.19380253 | C77: =C60*$D5 -> 0.23840834 | D77: =D60*$D5 -> 0.24689072 | E77: =E60*$D5 -> 0.17090727 | F77: =F60*$D5 -> 0.2706917 | G77: =G60*$D5 -> 0.25353743 | H77: =H60*$D5 -> 0.26214763 | I77: =I60*$D5 -> 0.2640115 | ... T77: =T60*$D5 -> 0.71342563
A78: Cr | B78: =B61*$D6 -> 0.017365908 | C78: =C61*$D6 -> 0.013672234 | D78: =D61*$D6 -> 0.010246414 | E78: =E61*$D6 -> 0.01727773 | F78: =F61*$D6 -> 0.010328214 | G78: =G61*$D6 -> 0.0068938975 | H78: =H61*$D6 -> 0.024116455 | I78: =I61*$D6 -> 0.017064114 | ... T78: =T61*$D6 -> 0.035381181
A79: Al | B79: =B62*$D7 -> 4.9506026 | C79: =C62*$D7 -> 5.7129151 | D79: =D62*$D7 -> 5.9988584 | E79: =E62*$D7 -> 6.0434837 | F79: =F62*$D7 -> 5.8927571 | G79: =G62*$D7 -> 6.120956 | H79: =H62*$D7 -> 5.9278049 | I79: =I62*$D7 -> 5.8211989 | ... T79: =T62*$D7 -> 5.9557839
A80: Fe | B80: =B63*$D8 -> 3.3747841 | C80: =C63*$D8 -> 3.2392766 | D80: =D63*$D8 -> 3.4921101 | E80: =E63*$D8 -> 3.5598866 | F80: =F63*$D8 -> 3.3743339 | G80: =G63*$D8 -> 3.560752 | H80: =H63*$D8 -> 3.2747231 | I80: =I63*$D8 -> 3.3955492 | ... T80: =T63*$D8 -> 3.6624158
A81: Mn | B81: =B64*$D9 -> 0.16867846 | C81: =C64*$D9 -> 0.2050605 | D81: =D64*$D9 -> 0.24637421 | E81: =E64*$D9 -> 0.27394469 | F81: =F64*$D9 -> 0.20899993 | G81: =G64*$D9 -> 0.20679372 | H81: =H64*$D9 -> 0.19930751 | I81: =I64*$D9 -> 0.20718385 | ... T81: =T64*$D9 -> 0.053065816
A82: Ni | B82: =B65*$D10 -> 0.0070659336 | C82: =C65*$D10 -> 0 | D82: =D65*$D10 -> 0 | E82: =E65*$D10 -> 0.007030055 | F82: =F65*$D10 -> 0 | G82: =G65*$D10 -> 0 | H82: =H65*$D10 -> 0 | I82: =I65*$D10 -> 0 | ... T82: =T65*$D10 -> 0
A83: Mg | B83: =B66*$D11 -> 5.4391218 | C83: =C66*$D11 -> 5.5847803 | D83: =D66*$D11 -> 5.1770362 | E83: =E66*$D11 -> 5.2030349 | F83: =F66*$D11 -> 5.2962521 | G83: =G66*$D11 -> 5.1640963 | H83: =H66*$D11 -> 5.3650031 | I83: =I66*$D11 -> 5.3274402 | ... T83: =T66*$D11 -> 5.220639
A84: Ca | B84: =B67*$D12 -> 3.2914785 | C84: =C67*$D12 -> 3.2515909 | D84: =D67*$D12 -> 3.255301 | E84: =E67*$D12 -> 3.1217974 | F84: =F67*$D12 -> 3.3808162 | G84: =G67*$D12 -> 3.4067494 | H84: =H67*$D12 -> 3.4299284 | I84: =I67*$D12 -> 3.3329398 | ... T84: =T67*$D12 -> 3.858048
A85: Na | B85: =B68*$D13 -> 0.38325844 | C85: =C68*$D13 -> 0.39114518 | D85: =D68*$D13 -> 0.4215587 | E85: =E68*$D13 -> 0.39261052 | F85: =F68*$D13 -> 0.39115532 | G85: =G68*$D13 -> 0.4141738 | H85: =H68*$D13 -> 0.38580375 | I85: =I68*$D13 -> 0.39333565 | ... T85: =T68*$D13 -> 0.46272479
A86: K | B86: =B69*$D14 -> 0.044831563 | C86: =C69*$D14 -> 0.025736689 | D86: =D69*$D14 -> 0.049597474 | E86: =E69*$D14 -> 0.04646242 | F86: =F69*$D14 -> 0.062954683 | G86: =G69*$D14 -> 0.048200697 | H86: =H69*$D14 -> 0.038911669 | I86: =I69*$D14 -> 0.042216937 | ... T86: =T69*$D14 -> 0.17887322
A87: H | B87: =B70*$D16 -> 0 | C87: =C70*$D16 -> 0 | D87: =D70*$D16 -> 0 | E87: =E70*$D16 -> 0 | F87: =F70*$D16 -> 0 | G87: =G70*$D16 -> 0 | H87: =H70*$D16 -> 0 | I87: =I70*$D16 -> 0 | ... T87: =T70*$D16 -> 0
A88: F | B88: =B71*$D17 -> 0 | C88: =C71*$D17 -> 0 | D88: =D71*$D17 -> 0 | E88: =E71*$D17 -> 0 | F88: =F71*$D17 -> 0 | G88: =G71*$D17 -> 0 | H88: =H71*$D17 -> 0 | I88: =I71*$D17 -> 0 | ... T88: =T71*$D17 -> 0
A89: Cl | B89: =B72*$D18 -> 0 | C89: =C72*$D18 -> 0 | D89: =D72*$D18 -> 0 | E89: =E72*$D18 -> 0 | F89: =F72*$D18 -> 0 | G89: =G72*$D18 -> 0 | H89: =H72*$D18 -> 0 | I89: =I72*$D18 -> 0 | ... T89: =T72*$D18 -> 0
A90: Total | B90: =SUM(B76:B86) -> 45.073929 | C90: =SUM(C76:C86) -> 44.730493 | D90: =SUM(D76:D86) -> 44.807902 | E90: =SUM(E76:E86) -> 44.49672 | F90: =SUM(F76:F86) -> 44.987645 | G90: =SUM(G76:G86) -> 44.894865 | H90: =SUM(H76:H86) -> 45.031636 | I90: =SUM(I76:I86) -> 44.892232 | ... T90: =SUM(T76:T86) -> 45.56647
A92: Charge Def. | B92: =46-B90 -> 0.92607125 | C92: =46-C90 -> 1.269507 | D92: =46-D90 -> 1.1920983 | E92: =46-E90 -> 1.5032797 | F92: =46-F90 -> 1.0123547 | G92: =46-G90 -> 1.1051347 | H92: =46-H90 -> 0.96836367 | I92: =46-I90 -> 1.1077685 | ... T92: =46-T90 -> 0.43352963
A94: NAMP
A95: Cations (Fe2+/Fe3+ charge balance)
A96: Si | B96: =B59 -> 6.8007347 | C96: =C59 -> 6.5169768 | D96: =D59 -> 6.4774821 | E96: =E59 -> 6.4150713 | F96: =F59 -> 6.524839 | G96: =G59 -> 6.428178 | H96: =H59 -> 6.5309724 | I96: =I59 -> 6.5228229 | ... T96: =T59 -> 6.3565282
A97: Ti | B97: =B60 -> 0.048450632 | C97: =C60 -> 0.059602085 | D97: =D60 -> 0.06172268 | E97: =E60 -> 0.042726818 | F97: =F60 -> 0.067672924 | G97: =G60 -> 0.063384358 | H97: =H60 -> 0.065536907 | I97: =I60 -> 0.066002874 | ... T97: =T60 -> 0.17835641
A98: Cr | B98: =B61 -> 0.0057886361 | C98: =C61 -> 0.0045574113 | D98: =D61 -> 0.0034154714 | E98: =E61 -> 0.0057592433 | F98: =F61 -> 0.0034427381 | G98: =G61 -> 0.0022979658 | H98: =H61 -> 0.0080388182 | I98: =I61 -> 0.005688038 | ... T98: =T61 -> 0.011793727
A99: Al | B99: =B62 -> 1.6502009 | C99: =C62 -> 1.904305 | D99: =D62 -> 1.9996195 | E99: =E62 -> 2.0144946 | F99: =F62 -> 1.9642524 | G99: =G62 -> 2.0403187 | H99: =H62 -> 1.975935 | I99: =I62 -> 1.9403996 | ... T99: =T62 -> 1.9852613
A100: Fe3+ | B100: =IF(B92<0, 0, IF(B92>B63, B63, B92)) -> 0.92607125 | C100: =IF(C92<0, 0, IF(C92>C63, C63, C92)) -> 1.269507 | D100: =IF(D92<0, 0, IF(D92>D63, D63, D92)) -> 1.1920983 | E100: =IF(E92<0, 0, IF(E92>E63, E63, E92)) -> 1.5032797 | F100: =IF(F92<0, 0, IF(F92>F63, F63, F92)) -> 1.0123547 | G100: =IF(G92<0, 0, IF(G92>G63, G63, G92)) -> 1.1051347 | H100: =IF(H92<0, 0, IF(H92>H63, H63, H92)) -> 0.96836367 | I100: =IF(I92<0, 0, IF(I92>I63, I63, I92)) -> 1.1077685 | ... T100: =IF(T92<0, 0, IF(T92>T63, T63, T92)) -> 0.43352963
A101: Fe2+ | B101: =B63-B100 -> 0.76132078 | C101: =C63-C100 -> 0.35013128 | D101: =D63-D100 -> 0.55395676 | E101: =E63-E100 -> 0.27666359 | F101: =F63-F100 -> 0.6748122 | G101: =G63-G100 -> 0.67524127 | H101: =H63-H100 -> 0.66899789 | I101: =I63-I100 -> 0.59000614 | ... T101: =T63-T100 -> 1.3976783
A102: Mn | B102: =B64 -> 0.084339232 | C102: =C64 -> 0.10253025 | D102: =D64 -> 0.12318711 | E102: =E64 -> 0.13697234 | F102: =F64 -> 0.10449996 | G102: =G64 -> 0.10339686 | H102: =H64 -> 0.099653756 | I102: =I64 -> 0.10359192 | ... T102: =T64 -> 0.026532908
A103: Ni | B103: =B65 -> 0.0035329668 | C103: =C65 -> 0 | D103: =D65 -> 0 | E103: =E65 -> 0.0035150275 | F103: =F65 -> 0 | G103: =G65 -> 0 | H103: =H65 -> 0 | I103: =I65 -> 0 | ... T103: =T65 -> 0
A104: Mg | B104: =B66 -> 2.7195609 | C104: =C66 -> 2.7923901 | D104: =D66 -> 2.5885181 | E104: =E66 -> 2.6015174 | F104: =F66 -> 2.648126 | G104: =G66 -> 2.5820481 | H104: =H66 -> 2.6825015 | I104: =I66 -> 2.6637201 | ... T104: =T66 -> 2.6103195
A105: Ca | B105: =B67 -> 1.6457393 | C105: =C67 -> 1.6257955 | D105: =D67 -> 1.6276505 | E105: =E67 -> 1.5608987 | F105: =F67 -> 1.6904081 | G105: =G67 -> 1.7033747 | H105: =H67 -> 1.7149642 | I105: =I67 -> 1.6664699 | ... T105: =T67 -> 1.929024
A106: Na | B106: =B68 -> 0.38325844 | C106: =C68 -> 0.39114518 | D106: =D68 -> 0.4215587 | E106: =E68 -> 0.39261052 | F106: =F68 -> 0.39115532 | G106: =G68 -> 0.4141738 | H106: =H68 -> 0.38580375 | I106: =I68 -> 0.39333565 | ... T106: =T68 -> 0.46272479
A107: K | B107: =B69 -> 0.044831563 | C107: =C69 -> 0.025736689 | D107: =D69 -> 0.049597474 | E107: =E69 -> 0.04646242 | F107: =F69 -> 0.062954683 | G107: =G69 -> 0.048200697 | H107: =H69 -> 0.038911669 | I107: =I69 -> 0.042216937 | ... T107: =T69 -> 0.17887322
A108: H | B108: =2-B109-B110 -> 2 | C108: =2-C109-C110 -> 2 | D108: =2-D109-D110 -> 2 | E108: =2-E109-E110 -> 2 | F108: =2-F109-F110 -> 2 | G108: =2-G109-G110 -> 2 | H108: =2-H109-H110 -> 2 | I108: =2-I109-I110 -> 2 | ... T108: =2-T109-T110 -> 2
A109: F | B109: =B71 -> 0 | C109: =C71 -> 0 | D109: =D71 -> 0 | E109: =E71 -> 0 | F109: =F71 -> 0 | G109: =G71 -> 0 | H109: =H71 -> 0 | I109: =I71 -> 0 | ... T109: =T71 -> 0
A110: Cl | B110: =B72 -> 0 | C110: =C72 -> 0 | D110: =D72 -> 0 | E110: =E72 -> 0 | F110: =F72 -> 0 | G110: =G72 -> 0 | H110: =H72 -> 0 | I110: =I72 -> 0 | ... T110: =T72 -> 0
A111: Total | B111: =SUM(B96:B107) -> 15.073829 | C111: =SUM(C96:C107) -> 15.042677 | D111: =SUM(D96:D107) -> 15.098807 | E111: =SUM(E96:E107) -> 14.999972 | F111: =SUM(F96:F107) -> 15.144518 | G111: =SUM(G96:G107) -> 15.165749 | H111: =SUM(H96:H107) -> 15.13968 | I111: =SUM(I96:I107) -> 15.102023 | ... T111: =SUM(T96:T107) -> 15.570622
A113: Wt.% Recalculated
A114: SiO2 | B114: =(B96/13)*$B4*B$56/$C4 -> 46.44 | C114: =(C96/13)*$B4*C$56/$C4 -> 45.22 | D114: =(D96/13)*$B4*D$56/$C4 -> 44.98 | E114: =(E96/13)*$B4*E$56/$C4 -> 44.03 | F114: =(F96/13)*$B4*F$56/$C4 -> 44.95 | G114: =(G96/13)*$B4*G$56/$C4 -> 44.23 | H114: =(H96/13)*$B4*H$56/$C4 -> 44.96 | I114: =(I96/13)*$B4*I$56/$C4 -> 45.33 | ... T114: =(T96/13)*$B4*T$56/$C4 -> 42.61
A115: TiO2 | B115: =(B97/13)*$B5*B$56/$C5 -> 0.44 | C115: =(C97/13)*$B5*C$56/$C5 -> 0.55 | D115: =(D97/13)*$B5*D$56/$C5 -> 0.57 | E115: =(E97/13)*$B5*E$56/$C5 -> 0.39 | F115: =(F97/13)*$B5*F$56/$C5 -> 0.62 | G115: =(G97/13)*$B5*G$56/$C5 -> 0.58 | H115: =(H97/13)*$B5*H$56/$C5 -> 0.6 | I115: =(I97/13)*$B5*I$56/$C5 -> 0.61 | ... T115: =(T97/13)*$B5*T$56/$C5 -> 1.59
...

Sheet CAMP
A1: AMPHIBOLE CAMP NORM (stoichiometric, Sum(Cations) = 15+Na+K, I.e. no Na on M4)
B3: Ox weight | C3: Cat mult | D3: charge
A4: SIO2 | B4: 60.08 | C4: 1 | D4: 4
A5: TIO2 | B5: 79.9 | C5: 1 | D5: 4
A6: Cr2O3 | B6: 151.9908 | C6: 2 | D6: 3
A7: AL2O3 | B7: 101.94 | C7: 2 | D7: 3
A8: FEO | B8: 71.85 | C8: 1 | D8: 2
A9: MNO | B9: 70.937 | C9: 1 | D9: 2
A10: NiO | B10: 74.7094 | C10: 1 | D10: 2
A11: MGO | B11: 40.31 | C11: 1 | D11: 2
A12: CAO | B12: 56.08 | C12: 1 | D12: 2
A13: NA2O | B13: 61.982 | C13: 2 | D13: 1
A14: K2O | B14: 94.2 | C14: 2 | D14: 1
A15: FE2O3 | B15: 159.691 | C15: 2 | D15: 3
... A18: Cl | B18: 35.453 | C18: 1 | D18: 0
A21: Input | B21: =Input!B1 -> 1 / 1 . | C21: =Input!C1 -> 4 / 1 . | D21: =Input!D1 -> 5 / 1 . | E21: =Input!E1 -> 6 / 1 . | F21: =Input!F1 -> 17 / 1 . | G21: =Input!G1 -> 18 / 1 . | H21: =Input!H1 -> 19 / 1 . | I21: =Input!I1 -> 20 / 1 . | ... BL21: =Input!BL1 -> 0 | BN21: Average | BO21: Std
B22: =Input!B2 -> YG182_test amph | C22: =Input!C2 -> YG182_1_AmphC | D22: =Input!D2 -> YG182_1_AmphB | E22: =Input!E2 -> YG182_1_AmphB | F22: =Input!F2 -> YG182_2_AmphC | G22: =Input!G2 -> YG182_2_AmphB | H22: =Input!H2 -> YG182_2_AmphC | I22: =Input!I2 -> YG182_2_AmphB | ... BL22: =Input!BL2 -> 0
A23: SIO2 | B23: =Input!B3 -> 46.44 | C23: =Input!C3 -> 45.22 | D23: =Input!D3 -> 44.98 | E23: =Input!E3 -> 44.03 | F23: =Input!F3 -> 44.95 | G23: =Input!G3 -> 44.23 | H23: =Input!H3 -> 44.96 | I23: =Input!I3 -> 45.33 | ... BL23: =Input!BL3 -> 0 | BN23: =AVERAGE(B23:I23) -> 45.0175 | BO23: =STDEV(B23:I23) -> 0.73355787
A24: TIO2 | B24: =Input!B4 -> 0.44 | C24: =Input!C4 -> 0.55 | D24: =Input!D4 -> 0.57 | E24: =Input!E4 -> 0.39 | F24: =Input!F4 -> 0.62 | G24: =Input!G4 -> 0.58 | H24: =Input!H4 -> 0.6 | I24: =Input!I4 -> 0.61 | ... BL24: =Input!BL4 -> 0 | BN24: =AVERAGE(B24:I24) -> 0.545 | BO24: =STDEV(B24:I24) -> 0.084346225
A25: Cr2O3 | B25: =Input!B5 -> 0.05 | C25: =Input!C5 -> 0.04 | D25: =Input!D5 -> 0.03 | E25: =Input!E5 -> 0.05 | F25: =Input!F5 -> 0.03 | G25: =Input!G5 -> 0.02 | H25: =Input!H5 -> 0.07 | I25: =Input!I5 -> 0.05 | ... BL25: =Input!BL5 -> 0 | BN25: =AVERAGE(B25:I25) -> 0.0425 | BO25: =STDEV(B25:I25) -> 0.015811388
A26: AL2O3 | B26: =Input!B6 -> 9.56 | C26: =Input!C6 -> 11.21 | D26: =Input!D6 -> 11.78 | E26: =Input!E6 -> 11.73 | F26: =Input!F6 -> 11.48 | G26: =Input!G6 -> 11.91 | H26: =Input!H6 -> 11.54 | I26: =Input!I6 -> 11.44 | ... BL26: =Input!BL6 -> 0 | BN26: =AVERAGE(B26:I26) -> 11.33125 | BO26: =STDEV(B26:I26) -> 0.74879785
A27: FEO | B27: =Input!B7 -> 13.78 | C27: =Input!C7 -> 13.44 | D27: =Input!D7 -> 14.5 | E27: =Input!E7 -> 14.61 | F27: =Input!F7 -> 13.9 | G27: =Input!G7 -> 14.65 | H27: =Input!H7 -> 13.48 | I27: =Input!I7 -> 14.11 | ... BL27: =Input!BL7 -> 0 | BN27: =AVERAGE(B27:I27) -> 14.05875 | BO27: =STDEV(B27:I27) -> 0.48865522
A28: MNO | B28: =Input!B8 -> 0.68 | C28: =Input!C8 -> 0.84 | D28: =Input!D8 -> 1.01 | E28: =Input!E8 -> 1.11 | F28: =Input!F8 -> 0.85 | G28: =Input!G8 -> 0.84 | H28: =Input!H8 -> 0.81 | I28: =Input!I8 -> 0.85 | ... BL28: =Input!BL8 -> 0 | BN28: =AVERAGE(B28:I28) -> 0.87375 | BO28: =STDEV(B28:I28) -> 0.13059616
A29: NiO | B29: =Input!B9 -> 0.03 | C29: =Input!C9 -> 0 | D29: =Input!D9 -> 0 | E29: =Input!E9 -> 0.03 | F29: =Input!F9 -> 0 | G29: =Input!G9 -> 0 | H29: =Input!H9 -> 0 | I29: =Input!I9 -> 0 | ... BL29: =Input!BL9 -> 0 | BN29: =AVERAGE(B29:I29) -> 0.0075 | BO29: =STDEV(B29:I29) -> 0.013887301
A30: MGO | B30: =Input!B10 -> 12.46 | C30: =Input!C10 -> 13 | D30: =Input!D10 -> 12.06 | E30: =Input!E10 -> 11.98 | F30: =Input!F10 -> 12.24 | G30: =Input!G10 -> 11.92 | H30: =Input!H10 -> 12.39 | I30: =Input!I10 -> 12.42 | ... BL30: =Input!BL10 -> 0 | BN30: =AVERAGE(B30:I30) -> 12.30875 | BO30: =STDEV(B30:I30) -> 0.34753982
A31: CAO | B31: =Input!B11 -> 10.49 | C31: =Input!C11 -> 10.53 | D31: =Input!D11 -> 10.55 | E31: =Input!E11 -> 10 | F31: =Input!F11 -> 10.87 | G31: =Input!G11 -> 10.94 | H31: =Input!H11 -> 11.02 | I31: =Input!I11 -> 10.81 | ... BL31: =Input!BL11 -> 0 | BN31: =AVERAGE(B31:I31) -> 10.65125 | BO31: =STDEV(B31:I31) -> 0.33112093
A32: NA2O | B32: =Input!B12 -> 1.35 | C32: =Input!C12 -> 1.4 | D32: =Input!D12 -> 1.51 | E32: =Input!E12 -> 1.39 | F32: =Input!F12 -> 1.39 | G32: =Input!G12 -> 1.47 | H32: =Input!H12 -> 1.37 | I32: =Input!I12 -> 1.41 | ... BL32: =Input!BL12 -> 0 | BN32: =AVERAGE(B32:I32) -> 1.41125 | BO32: =STDEV(B32:I32) -> 0.053033009
A33: K2O | B33: =Input!B13 -> 0.24 | C33: =Input!C13 -> 0.14 | D33: =Input!D13 -> 0.27 | E33: =Input!E13 -> 0.25 | F33: =Input!F13 -> 0.34 | G33: =Input!G13 -> 0.26 | H33: =Input!H13 -> 0.21 | I33: =Input!I13 -> 0.23 | ... BL33: =Input!BL13 -> 0 | BN33: =AVERAGE(B33:I33) -> 0.2425 | BO33: =STDEV(B33:I33) -> 0.056505373
A34: H2O | B34: =Input!B14 -> 0 | C34: =Input!C14 -> 0 | D34: =Input!D14 -> 0 | E34: =Input!E14 -> 0 | F34: =Input!F14 -> 0 | G34: =Input!G14 -> 0 | H34: =Input!H14 -> 0 | I34: =Input!I14 -> 0 | ... BL34: =Input!BL14 -> 0 | BN34: =AVERAGE(B34:I34) -> 0 | BO34: =STDEV(B34:I34) -> 0
... A36: Cl | B36: =Input!B16 -> 0 | C36: =Input!C16 -> 0 | D36: =Input!D16 -> 0 | E36: =Input!E16 -> 0 | F36: =Input!F16 -> 0 | G36: =Input!G16 -> 0 | H36: =Input!H16 -> 0 | I36: =Input!I16 -> 0 | ... BL36: =Input!BL16 -> 0 | BN36: =AVERAGE(B36:I36) -> 0 | BO36: =STDEV(B36:I36) -> 0
A38: Total | B38: =SUM(B23:B33) -> 95.52 | C38: =SUM(C23:C33) -> 96.37 | D38: =SUM(D23:D33) -> 97.26 | E38: =SUM(E23:E33) -> 95.57 | F38: =SUM(F23:F33) -> 96.67 | G38: =SUM(G23:G33) -> 96.82 | H38: =SUM(H23:H33) -> 96.45 | I38: =SUM(I23:I33) -> 97.26 | ... BL38: =SUM(BL23:BL33) -> 0 | BN38: =SUM(BN23:BN33) -> 96.49
A41: Atoms
A42: Si | B42: =B23*$C4/$B4 -> 0.77296937 | C42: =C23*$C4/$B4 -> 0.75266312 | D42: =D23*$C4/$B4 -> 0.74866844 | E42: =E23*$C4/$B4 -> 0.73285619 | F42: =F23*$C4/$B4 -> 0.74816911 | G42: =G23*$C4/$B4 -> 0.73618509 | H42: =H23*$C4/$B4 -> 0.74833555 | I42: =I23*$C4/$B4 -> 0.75449401 | ... BJ42: =BJ23*$C4/$B4 -> 0.6960719 | BN42: =BN23*$C4/$B4 -> 0.74929261
A43: Ti | B43: =B24*$C5/$B5 -> 0.0055068836 | C43: =C24*$C5/$B5 -> 0.0068836045 | D43: =D24*$C5/$B5 -> 0.0071339174 | E43: =E24*$C5/$B5 -> 0.0048811014 | F43: =F24*$C5/$B5 -> 0.0077596996 | G43: =G24*$C5/$B5 -> 0.0072590738 | H43: =H24*$C5/$B5 -> 0.0075093867 | I43: =I24*$C5/$B5 -> 0.0076345432 | ... BJ43: =BJ24*$C5/$B5 -> 0.02428035 | BN43: =BN24*$C5/$B5 -> 0.0068210263
A44: Cr | B44: =B25*$C6/$B6 -> 0.00065793456 | C44: =C25*$C6/$B6 -> 0.00052634765 | D44: =D25*$C6/$B6 -> 0.00039476074 | E44: =E25*$C6/$B6 -> 0.00065793456 | F44: =F25*$C6/$B6 -> 0.00039476074 | G44: =G25*$C6/$B6 -> 0.00026317382 | H44: =H25*$C6/$B6 -> 0.00092110838 | I44: =I25*$C6/$B6 -> 0.00065793456 | ... BJ44: =BJ25*$C6/$B6 -> 0.00013158691 | BN44: =BN25*$C6/$B6 -> 0.00055924438
A45: Al | B45: =B26*$C7/$B7 -> 0.18756131 | C45: =C26*$C7/$B7 -> 0.21993329 | D45: =D26*$C7/$B7 -> 0.23111634 | E45: =E26*$C7/$B7 -> 0.23013537 | F45: =F26*$C7/$B7 -> 0.22523053 | G45: =G26*$C7/$B7 -> 0.23366686 | H45: =H26*$C7/$B7 -> 0.22640769 | I45: =I26*$C7/$B7 -> 0.22444575 | ... BJ45: =BJ26*$C7/$B7 -> 0.23013537 | BN45: =BN26*$C7/$B7 -> 0.22231214
A46: Fe | B46: =B27*$C8/$B8 -> 0.19178845 | C46: =C27*$C8/$B8 -> 0.18705637 | D46: =D27*$C8/$B8 -> 0.20180932 | E46: =E27*$C8/$B8 -> 0.20334029 | F46: =F27*$C8/$B8 -> 0.19345859 | G46: =G27*$C8/$B8 -> 0.20389701 | H46: =H27*$C8/$B8 -> 0.18761308 | I46: =I27*$C8/$B8 -> 0.19638135 | ... BJ46: =BJ27*$C8/$B8 -> 0.22811413 | BN46: =BN27*$C8/$B8 -> 0.19566806
A47: Mn | B47: =B28*$C9/$B9 -> 0.0095859707 | C47: =C28*$C9/$B9 -> 0.011841493 | D47: =D28*$C9/$B9 -> 0.014237986 | E47: =E28*$C9/$B9 -> 0.015647687 | F47: =F28*$C9/$B9 -> 0.011982463 | G47: =G28*$C9/$B9 -> 0.011841493 | H47: =H28*$C9/$B9 -> 0.011418583 | I47: =I28*$C9/$B9 -> 0.011982463 | ... BJ47: =BJ28*$C9/$B9 -> 0.0033832838 | BN47: =BN28*$C9/$B9 -> 0.012317267
A48: Ni | B48: =B29*$C10/$B10 -> 0.0004015559 | C48: =C29*$C10/$B10 -> 0 | D48: =D29*$C10/$B10 -> 0 | E48: =E29*$C10/$B10 -> 0.0004015559 | F48: =F29*$C10/$B10 -> 0 | G48: =G29*$C10/$B10 -> 0 | H48: =H29*$C10/$B10 -> 0 | I48: =I29*$C10/$B10 -> 0 | ... BJ48: =BJ29*$C10/$B10 -> 0 | BN48: =BN29*$C10/$B10 -> 0.00010038897
A49: Mg | B49: =B30*$C11/$B11 -> 0.30910444 | C49: =C30*$C11/$B11 -> 0.32250062 | D49: =D30*$C11/$B11 -> 0.29918134 | E49: =E30*$C11/$B11 -> 0.29719673 | F49: =F30*$C11/$B11 -> 0.30364674 | G49: =G30*$C11/$B11 -> 0.29570826 | H49: =H30*$C11/$B11 -> 0.3073679 | I49: =I30*$C11/$B11 -> 0.30811213 | ... BJ49: =BJ30*$C11/$B11 -> 0.24137931 | BN49: =BN30*$C11/$B11 -> 0.30535227
A50: Ca | B50: =B31*$C12/$B12 -> 0.18705421 | C50: =C31*$C12/$B12 -> 0.18776748 | D50: =D31*$C12/$B12 -> 0.18812411 | E50: =E31*$C12/$B12 -> 0.17831669 | F50: =F31*$C12/$B12 -> 0.19383024 | G50: =G31*$C12/$B12 -> 0.19507846 | H50: =H31*$C12/$B12 -> 0.19650499 | I50: =I31*$C12/$B12 -> 0.19276034 | ... BJ50: =BJ31*$C12/$B12 -> 0.2136234 | BN50: =BN31*$C12/$B12 -> 0.18992956
A51: Na | B51: =B32*$C13/$B13 -> 0.043561034 | C51: =C32*$C13/$B13 -> 0.045174405 | D51: =D32*$C13/$B13 -> 0.048723823 | E51: =E32*$C13/$B13 -> 0.044851731 | F51: =F32*$C13/$B13 -> 0.044851731 | G51: =G32*$C13/$B13 -> 0.047433126 | H51: =H32*$C13/$B13 -> 0.044206382 | I51: =I32*$C13/$B13 -> 0.04549708 | ... BJ51: =BJ32*$C13/$B13 -> 0.070343003 | BN51: =BN32*$C13/$B13 -> 0.045537414
A52: K | B52: =B33*$C14/$B14 -> 0.0050955414 | C52: =C33*$C14/$B14 -> 0.0029723992 | D52: =D33*$C14/$B14 -> 0.0057324841 | E52: =E33*$C14/$B14 -> 0.0053078556 | F52: =F33*$C14/$B14 -> 0.0072186837 | G52: =G33*$C14/$B14 -> 0.0055201699 | H52: =H33*$C14/$B14 -> 0.0044585987 | I52: =I33*$C14/$B14 -> 0.0048832272 | ... BJ52: =BJ33*$C14/$B14 -> 0.0025477707 | BN52: =BN33*$C14/$B14 -> 0.00514862
A53: H | B53: =B34*$C16/$B16 -> 0 | C53: =C34*$C16/$B16 -> 0 | D53: =D34*$C16/$B16 -> 0 | E53: =E34*$C16/$B16 -> 0 | F53: =F34*$C16/$B16 -> 0 | G53: =G34*$C16/$B16 -> 0 | H53: =H34*$C16/$B16 -> 0 | I53: =I34*$C16/$B16 -> 0 | ... BJ53: =BJ34*$C16/$B16 -> 0 | BN53: =BN34*$C16/$B16 -> 0
A54: F | B54: =B35*$C17/$B17 -> 0 | C54: =C35*$C17/$B17 -> 0 | D54: =D35*$C17/$B17 -> 0 | E54: =E35*$C17/$B17 -> 0 | F54: =F35*$C17/$B17 -> 0 | G54: =G35*$C17/$B17 -> 0 | H54: =H35*$C17/$B17 -> 0 | I54: =I35*$C17/$B17 -> 0 | ... BJ54: =BJ35*$C17/$B17 -> 0 | BN54: =BN35*$C17/$B17 -> 0
A55: Cl | B55: =B36*$C18/$B18 -> 0 | C55: =C36*$C18/$B18 -> 0 | D55: =D36*$C18/$B18 -> 0 | E55: =E36*$C18/$B18 -> 0 | F55: =F36*$C18/$B18 -> 0 | G55: =G36*$C18/$B18 -> 0 | H55: =H36*$C18/$B18 -> 0 | I55: =I36*$C18/$B18 -> 0 | ... BJ55: =BJ36*$C18/$B18 -> 0 | BN55: =BN36*$C18/$B18 -> 0
A56: Total | B56: =SUM(B42:B50) -> 1.6646301 | C56: =SUM(C42:C50) -> 1.6891723 | D56: =SUM(D42:D50) -> 1.6906662 | E56: =SUM(E42:E50) -> 1.6634336 | F56: =SUM(F42:F50) -> 1.6844721 | G56: =SUM(G42:G50) -> 1.6838994 | H56: =SUM(H42:H50) -> 1.6860783 | I56: =SUM(I42:I50) -> 1.6964685 | ... BJ56: =SUM(BJ42:BJ50) -> 1.6371193 | BN56: =SUM(BN42:BN50) -> 1.6823526
A58: Cations all Fe2+ (Cations = 15+Na+K) (CAMP)
A59: Si | B59: =B42*15/(B$56) -> 6.9652354 | C59: =C42*15/(C$56) -> 6.6837152 | D59: =D42*15/(D$56) -> 6.6423676 | E59: =E42*15/(E$56) -> 6.6085254 | F59: =F42*15/(F$56) -> 6.6623463 | G59: =G42*15/(G$56) -> 6.5578598 | H59: =H42*15/(H$56) -> 6.6574804 | I59: =I42*15/(I$56) -> 6.6711583 | ... BJ59: =BJ42*15/(BJ$56) -> 6.3777138 | BN59: =BN42*15/(BN$56) -> 6.6807572
A60: Ti | B60: =B43*15/(B$56) -> 0.049622587 | C60: =C43*15/(C$56) -> 0.061127019 | D60: =D43*15/(D$56) -> 0.063293842 | E60: =E43*15/(E$56) -> 0.044015296 | F60: =F43*15/(F$56) -> 0.069099092 | G60: =G43*15/(G$56) -> 0.064663071 | H60: =H43*15/(H$56) -> 0.066806388 | I60: =I43*15/(I$56) -> 0.067503845 | ... BJ60: =BJ43*15/(BJ$56) -> 0.22246714 | BN60: =BN43*15/(BN$56) -> 0.060816856
A61: Cr | B61: =B44*15/(B$56) -> 0.0059286554 | C61: =C44*15/(C$56) -> 0.0046740138 | D61: =D44*15/(D$56) -> 0.0035024128 | E61: =E44*15/(E$56) -> 0.0059329201 | F61: =F44*15/(F$56) -> 0.0035152918 | G61: =G44*15/(G$56) -> 0.0023443249 | H61: =H44*15/(H$56) -> 0.0081945339 | I61: =I44*15/(I$56) -> 0.0058173896 | ... BJ61: =BJ44*15/(BJ$56) -> 0.0012056566 | BN61: =BN44*15/(BN$56) -> 0.0049862709
A62: Al | B62: =B45*15/(B$56) -> 1.690117 | C62: =C45*15/(C$56) -> 1.9530272 | D62: =D45*15/(D$56) -> 2.0505201 | E62: =E45*15/(E$56) -> 2.0752441 | F62: =F45*15/(F$56) -> 2.0056479 | G62: =G45*15/(G$56) -> 2.08148 | H62: =H45*15/(H$56) -> 2.0142098 | I62: =I45*15/(I$56) -> 1.9845262 | ... BJ62: =BJ45*15/(BJ$56) -> 2.1086005 | BN62: =BN45*15/(BN$56) -> 1.9821542
A63: Fe | B63: =B46*15/(B$56) -> 1.7282078 | C63: =C46*15/(C$56) -> 1.6610771 | D63: =D46*15/(D$56) -> 1.7905012 | E63: =E46*15/(E$56) -> 1.8336196 | F63: =F46*15/(F$56) -> 1.722723 | G63: =G46*15/(G$56) -> 1.8162932 | H63: =H46*15/(H$56) -> 1.669078 | I63: =I46*15/(I$56) -> 1.7363837 | ... BJ63: =BJ46*15/(BJ$56) -> 2.0900809 | BN63: =BN46*15/(BN$56) -> 1.7445932
A64: Mn | B64: =B47*15/(B$56) -> 0.086379285 | C64: =C47*15/(C$56) -> 0.10515351 | D64: =D47*15/(D$56) -> 0.12632286 | E64: =E47*15/(E$56) -> 0.14110291 | F64: =F47*15/(F$56) -> 0.10670224 | G64: =G47*15/(G$56) -> 0.10548278 | H64: =H47*15/(H$56) -> 0.1015841 | I64: =I47*15/(I$56) -> 0.10594771 | ... BJ64: =BJ47*15/(BJ$56) -> 0.030999119 | BN64: =BN47*15/(BN$56) -> 0.10982181
A65: Ni | B65: =B48*15/(B$56) -> 0.0036184245 | C65: =C48*15/(C$56) -> 0 | D65: =D48*15/(D$56) -> 0 | E65: =E48*15/(E$56) -> 0.0036210274 | F65: =F48*15/(F$56) -> 0 | G65: =G48*15/(G$56) -> 0 | H65: =H48*15/(H$56) -> 0 | I65: =I48*15/(I$56) -> 0 | ... BJ65: =BJ48*15/(BJ$56) -> 0 | BN65: =BN48*15/(BN$56) -> 0.00089507671
A66: Mg | B66: =B49*15/(B$56) -> 2.7853434 | C66: =C49*15/(C$56) -> 2.8638341 | D66: =D49*15/(D$56) -> 2.6544093 | E66: =E49*15/(E$56) -> 2.6799693 | F66: =F49*15/(F$56) -> 2.7039338 | G66: =G49*15/(G$56) -> 2.6341383 | H66: =H49*15/(H$56) -> 2.7344629 | I66: =I49*15/(I$56) -> 2.7242957 | ... BJ66: =BJ49*15/(BJ$56) -> 2.2116223 | BN66: =BN49*15/(BN$56) -> 2.7225471
A67: Ca | B67: =B50*15/(B$56) -> 1.6855475 | C67: =C50*15/(C$56) -> 1.6673918 | D67: =D50*15/(D$56) -> 1.6690826 | E67: =E50*15/(E$56) -> 1.6079695 | F67: =F50*15/(F$56) -> 1.7260325 | G67: =G50*15/(G$56) -> 1.7377385 | H67: =H50*15/(H$56) -> 1.7481839 | I67: =I50*15/(I$56) -> 1.7043671 | ... BJ67: =BJ50*15/(BJ$56) -> 1.9573105 | BN67: =BN50*15/(BN$56) -> 1.6934283
A68: Na | B68: =B51*15/(B$56) -> 0.39252895 | C68: =C51*15/(C$56) -> 0.40115273 | D68: =D51*15/(D$56) -> 0.43228955 | E68: =E51*15/(E$56) -> 0.40445016 | F68: =F51*15/(F$56) -> 0.39939869 | G68: =G51*15/(G$56) -> 0.42252933 | H68: =H51*15/(H$56) -> 0.39327695 | I68: =I51*15/(I$56) -> 0.40228049 | ... BJ68: =BJ51*15/(BJ$56) -> 0.64451321 | BN68: =BN51*15/(BN$56) -> 0.40601549
A69: K | B69: =B52*15/(B$56) -> 0.045915978 | C69: =C52*15/(C$56) -> 0.026395168 | D69: =D52*15/(D$56) -> 0.050859986 | E69: =E52*15/(E$56) -> 0.04786355 | F69: =F52*15/(F$56) -> 0.064281416 | G69: =G52*15/(G$56) -> 0.049173096 | H69: =H52*15/(H$56) -> 0.039665406 | I69: =I52*15/(I$56) -> 0.043176992 | ... BJ69: =BJ52*15/(BJ$56) -> 0.023343784 | BN69: =BN52*15/(BN$56) -> 0.045905538
A70: H | B70: =B53*15/(B$56) -> 0 | C70: =C53*15/(C$56) -> 0 | D70: =D53*15/(D$56) -> 0 | E70: =E53*15/(E$56) -> 0 | F70: =F53*15/(F$56) -> 0 | G70: =G53*15/(G$56) -> 0 | H70: =H53*15/(H$56) -> 0 | I70: =I53*15/(I$56) -> 0 | ... BJ70: =BJ53*15/(BJ$56) -> 0 | BN70: =BN53*15/(BN$56) -> 0
... A72: Cl | B72: =B55*15/(B$56) -> 0 | C72: =C55*15/(C$56) -> 0 | D72: =D55*15/(D$56) -> 0 | E72: =E55*15/(E$56) -> 0 | F72: =F55*15/(F$56) -> 0 | G72: =G55*15/(G$56) -> 0 | H72: =H55*15/(H$56) -> 0 | I72: =I55*15/(I$56) -> 0 | ... BJ72: =BJ55*15/(BJ$56) -> 0 | BN72: =BN55*15/(BN$56) -> 0
A73: Total | B73: =SUM(B59:B69) -> 15.438445 | C73: =SUM(C59:C69) -> 15.427548 | D73: =SUM(D59:D69) -> 15.48315 | E73: =SUM(E59:E69) -> 15.452314 | F73: =SUM(F59:F69) -> 15.46368 | G73: =SUM(G59:G69) -> 15.471702 | H73: =SUM(H59:H69) -> 15.432942 | I73: =SUM(I59:I69) -> 15.445457 | ... BJ73: =SUM(BJ59:BJ69) -> 15.667857 | BN73: =SUM(BN59:BN69) -> 15.451921
A75: Charges
A76: Si | B76: =B59*$D4 -> 27.860941 | C76: =C59*$D4 -> 26.734861 | D76: =D59*$D4 -> 26.569471 | E76: =E59*$D4 -> 26.434102 | F76: =F59*$D4 -> 26.649385 | G76: =G59*$D4 -> 26.231439 | H76: =H59*$D4 -> 26.629922 | I76: =I59*$D4 -> 26.684633 | ... BJ76: =BJ59*$D4 -> 25.510855 | BN76: =BN59*$D4 -> 26.723029
A77: Ti | B77: =B60*$D5 -> 0.19849035 | C77: =C60*$D5 -> 0.24450807 | D77: =D60*$D5 -> 0.25317537 | E77: =E60*$D5 -> 0.17606119 | F77: =F60*$D5 -> 0.27639637 | G77: =G60*$D5 -> 0.25865228 | H77: =H60*$D5 -> 0.26722555 | I77: =I60*$D5 -> 0.27001538 | ... BJ77: =BJ60*$D5 -> 0.88986856 | BN77: =BN60*$D5 -> 0.24326742
A78: Cr | B78: =B61*$D6 -> 0.017785966 | C78: =C61*$D6 -> 0.014022041 | D78: =D61*$D6 -> 0.010507238 | E78: =E61*$D6 -> 0.01779876 | F78: =F61*$D6 -> 0.010545875 | G78: =G61*$D6 -> 0.0070329747 | H78: =H61*$D6 -> 0.024583602 | I78: =I61*$D6 -> 0.017452169 | ... BJ78: =BJ61*$D6 -> 0.0036169697 | BN78: =BN61*$D6 -> 0.014958813
A79: Al | B79: =B62*$D7 -> 5.070351 | C79: =C62*$D7 -> 5.8590815 | D79: =D62*$D7 -> 6.1515604 | E79: =E62*$D7 -> 6.2257322 | F79: =F62*$D7 -> 6.0169436 | G79: =G62*$D7 -> 6.24444 | H79: =H62*$D7 -> 6.0426293 | I79: =I62*$D7 -> 5.9535787 | ... BJ79: =BJ62*$D7 -> 6.3258014 | BN79: =BN62*$D7 -> 5.9464625
A80: Fe | B80: =B63*$D8 -> 3.4564155 | C80: =C63*$D8 -> 3.3221543 | D80: =D63*$D8 -> 3.5810024 | E80: =E63*$D8 -> 3.6672392 | F80: =F63*$D8 -> 3.445446 | G80: =G63*$D8 -> 3.6325865 | H80: =H63*$D8 -> 3.3381561 | I80: =I63*$D8 -> 3.4727673 | ... BJ80: =BJ63*$D8 -> 4.1801619 | BN80: =BN63*$D8 -> 3.4891864
A81: Mn | B81: =B64*$D9 -> 0.17275857 | C81: =C64*$D9 -> 0.21030702 | D81: =D64*$D9 -> 0.25264571 | E81: =E64*$D9 -> 0.28220582 | F81: =F64*$D9 -> 0.21340448 | G81: =G64*$D9 -> 0.21096557 | H81: =H64*$D9 -> 0.20316819 | I81: =I64*$D9 -> 0.21189541 | ... BJ81: =BJ64*$D9 -> 0.061998237 | BN81: =BN64*$D9 -> 0.21964363
A82: Ni | B82: =B65*$D10 -> 0.007236849 | C82: =C65*$D10 -> 0 | D82: =D65*$D10 -> 0 | E82: =E65*$D10 -> 0.0072420547 | F82: =F65*$D10 -> 0 | G82: =G65*$D10 -> 0 | H82: =H65*$D10 -> 0 | I82: =I65*$D10 -> 0 | ... BJ82: =BJ65*$D10 -> 0 | BN82: =BN65*$D10 -> 0.0017901534
A83: Mg | B83: =B66*$D11 -> 5.5706869 | C83: =C66*$D11 -> 5.7276682 | D83: =D66*$D11 -> 5.3088186 | E83: =E66*$D11 -> 5.3599386 | F83: =F66*$D11 -> 5.4078675 | G83: =G66*$D11 -> 5.2682766 | H83: =H66*$D11 -> 5.4689257 | I83: =I66*$D11 -> 5.4485915 | ... BJ83: =BJ66*$D11 -> 4.4232446 | BN83: =BN66*$D11 -> 5.4450941
A84: Ca | B84: =B67*$D12 -> 3.371095 | C84: =C67*$D12 -> 3.3347837 | D84: =D67*$D12 -> 3.3381653 | E84: =E67*$D12 -> 3.2159389 | F84: =F67*$D12 -> 3.452065 | G84: =G67*$D12 -> 3.475477 | H84: =H67*$D12 -> 3.4963678 | I84: =I67*$D12 -> 3.4087342 | ... BJ84: =BJ67*$D12 -> 3.9146211 | BN84: =BN67*$D12 -> 3.3868566
A85: Na | B85: =B68*$D13 -> 0.39252895 | C85: =C68*$D13 -> 0.40115273 | D85: =D68*$D13 -> 0.43228955 | E85: =E68*$D13 -> 0.40445016 | F85: =F68*$D13 -> 0.39939869 | G85: =G68*$D13 -> 0.42252933 | H85: =H68*$D13 -> 0.39327695 | I85: =I68*$D13 -> 0.40228049 | ... BJ85: =BJ68*$D13 -> 0.64451321 | BN85: =BN68*$D13 -> 0.40601549
A86: K | B86: =B69*$D14 -> 0.045915978 | C86: =C69*$D14 -> 0.026395168 | D86: =D69*$D14 -> 0.050859986 | E86: =E69*$D14 -> 0.04786355 | F86: =F69*$D14 -> 0.064281416 | G86: =G69*$D14 -> 0.049173096 | H86: =H69*$D14 -> 0.039665406 | I86: =I69*$D14 -> 0.043176992 | ... BJ86: =BJ69*$D14 -> 0.023343784 | BN86: =BN69*$D14 -> 0.045905538
A87: H | B87: =B70*$D16 -> 0 | C87: =C70*$D16 -> 0 | D87: =D70*$D16 -> 0 | E87: =E70*$D16 -> 0 | F87: =F70*$D16 -> 0 | G87: =G70*$D16 -> 0 | H87: =H70*$D16 -> 0 | I87: =I70*$D16 -> 0 | ... BJ87: =BJ70*$D16 -> 0 | BN87: =BN70*$D16 -> 0
A88: F | B88: =B71*$D17 -> 0 | C88: =C71*$D17 -> 0 | D88: =D71*$D17 -> 0 | E88: =E71*$D17 -> 0 | F88: =F71*$D17 -> 0 | G88: =G71*$D17 -> 0 | H88: =H71*$D17 -> 0 | I88: =I71*$D17 -> 0 | ... BJ88: =BJ71*$D17 -> 0 | BN88: =BN71*$D17 -> 0
A89: Cl | B89: =B72*$D18 -> 0 | C89: =C72*$D18 -> 0 | D89: =D72*$D18 -> 0 | E89: =E72*$D18 -> 0 | F89: =F72*$D18 -> 0 | G89: =G72*$D18 -> 0 | H89: =H72*$D18 -> 0 | I89: =I72*$D18 -> 0 | ... BJ89: =BJ72*$D18 -> 0 | BN89: =BN72*$D18 -> 0
A90: Total | B90: =SUM(B76:B86) -> 46.164206 | C90: =SUM(C76:C86) -> 45.874934 | D90: =SUM(D76:D86) -> 45.948495 | E90: =SUM(E76:E86) -> 45.838572 | F90: =SUM(F76:F86) -> 45.935734 | G90: =SUM(G76:G86) -> 45.800572 | H90: =SUM(H76:H86) -> 45.90392 | I90: =SUM(I76:I86) -> 45.913125 | ... BJ90: =SUM(BJ76:BJ86) -> 45.978025 | BN90: =SUM(BN76:BN86) -> 45.92221
A92: Charge Def. | B92: =46-B90 -> -0.16420646 | C92: =46-C90 -> 0.12506645 | D92: =46-D90 -> 0.051504953 | E92: =46-E90 -> 0.16142792 | F92: =46-F90 -> 0.064266049 | G92: =46-G90 -> 0.19942753 | H92: =46-H90 -> 0.096079669 | I92: =46-I90 -> 0.086874558 | ... BJ92: =46-BJ90 -> 0.02197497 | BN92: =46-BN90 -> 0.077790333
A95: Cations (Fe2+/Fe3+ charge balance)
A96: Si | B96: =B59 -> 6.9652354 | C96: =C59 -> 6.6837152 | D96: =D59 -> 6.6423676 | E96: =E59 -> 6.6085254 | F96: =F59 -> 6.6623463 | G96: =G59 -> 6.5578598 | H96: =H59 -> 6.6574804 | I96: =I59 -> 6.6711583 | ... BJ96: =BJ59 -> 6.3777138 | BN96: =BN59 -> 6.6807572
A97: Ti | B97: =B60 -> 0.049622587 | C97: =C60 -> 0.061127019 | D97: =D60 -> 0.063293842 | E97: =E60 -> 0.044015296 | F97: =F60 -> 0.069099092 | G97: =G60 -> 0.064663071 | H97: =H60 -> 0.066806388 | I97: =I60 -> 0.067503845 | ... BJ97: =BJ60 -> 0.22246714 | BN97: =BN60 -> 0.060816856
A98: Cr | B98: =B61 -> 0.0059286554 | C98: =C61 -> 0.0046740138 | D98: =D61 -> 0.0035024128 | E98: =E61 -> 0.0059329201 | F98: =F61 -> 0.0035152918 | G98: =G61 -> 0.0023443249 | H98: =H61 -> 0.0081945339 | I98: =I61 -> 0.0058173896 | ... BJ98: =BJ61 -> 0.0012056566 | BN98: =BN61 -> 0.0049862709
A99: Al | B99: =B62 -> 1.690117 | C99: =C62 -> 1.9530272 | D99: =D62 -> 2.0505201 | E99: =E62 -> 2.0752441 | F99: =F62 -> 2.0056479 | G99: =G62 -> 2.08148 | H99: =H62 -> 2.0142098 | I99: =I62 -> 1.9845262 | ... BJ99: =BJ62 -> 2.1086005 | BN99: =BN62 -> 1.9821542
A100: Fe3+ | B100: =IF(B92<0, 0, B92) -> 0 | C100: =IF(C92<0, 0, C92) -> 0.12506645 | D100: =IF(D92<0, 0, D92) -> 0.051504953 | E100: =IF(E92<0, 0, E92) -> 0.16142792 | F100: =IF(F92<0, 0, F92) -> 0.064266049 | G100: =IF(G92<0, 0, G92) -> 0.19942753 | H100: =IF(H92<0, 0, H92) -> 0.096079669 | I100: =IF(I92<0, 0, I92) -> 0.086874558 | ... BJ100: =IF(BJ92<0, 0, BJ92) -> 0.02197497 | BN100: =IF(BN92<0, 0, BN92) -> 0.077790333
A101: Fe2+ | B101: =B63-B100 -> 1.7282078 | C101: =C63-C100 -> 1.5360107 | D101: =D63-D100 -> 1.7389962 | E101: =E63-E100 -> 1.6721917 | F101: =F63-F100 -> 1.658457 | G101: =G63-G100 -> 1.6168657 | H101: =H63-H100 -> 1.5729984 | I101: =I63-I100 -> 1.6495091 | ... BJ101: =BJ63-BJ100 -> 2.068106 | BN101: =BN63-BN100 -> 1.6668029
A102: Mn | B102: =B64 -> 0.086379285 | C102: =C64 -> 0.10515351 | D102: =D64 -> 0.12632286 | E102: =E64 -> 0.14110291 | F102: =F64 -> 0.10670224 | G102: =G64 -> 0.10548278 | H102: =H64 -> 0.1015841 | I102: =I64 -> 0.10594771 | ... BJ102: =BJ64 -> 0.030999119 | BN102: =BN64 -> 0.10982181
A103: Ni | B103: =B65 -> 0.0036184245 | C103: =C65 -> 0 | D103: =D65 -> 0 | E103: =E65 -> 0.0036210274 | F103: =F65 -> 0 | G103: =G65 -> 0 | H103: =H65 -> 0 | I103: =I65 -> 0 | ... BJ103: =BJ65 -> 0 | BN103: =BN65 -> 0.00089507671
A104: Mg | B104: =B66 -> 2.7853434 | C104: =C66 -> 2.8638341 | D104: =D66 -> 2.6544093 | E104: =E66 -> 2.6799693 | F104: =F66 -> 2.7039338 | G104: =G66 -> 2.6341383 | H104: =H66 -> 2.7344629 | I104: =I66 -> 2.7242957 | ... BJ104: =BJ66 -> 2.2116223 | BN104: =BN66 -> 2.7225471
A105: Ca | B105: =B67 -> 1.6855475 | C105: =C67 -> 1.6673918 | D105: =D67 -> 1.6690826 | E105: =E67 -> 1.6079695 | F105: =F67 -> 1.7260325 | G105: =G67 -> 1.7377385 | H105: =H67 -> 1.7481839 | I105: =I67 -> 1.7043671 | ... BJ105: =BJ67 -> 1.9573105 | BN105: =BN67 -> 1.6934283
A106: Na | B106: =B68 -> 0.39252895 | C106: =C68 -> 0.40115273 | D106: =D68 -> 0.43228955 | E106: =E68 -> 0.40445016 | F106: =F68 -> 0.39939869 | G106: =G68 -> 0.42252933 | H106: =H68 -> 0.39327695 | I106: =I68 -> 0.40228049 | ... BJ106: =BJ68 -> 0.64451321 | BN106: =BN68 -> 0.40601549
A107: K | B107: =B69 -> 0.045915978 | C107: =C69 -> 0.026395168 | D107: =D69 -> 0.050859986 | E107: =E69 -> 0.04786355 | F107: =F69 -> 0.064281416 | G107: =G69 -> 0.049173096 | H107: =H69 -> 0.039665406 | I107: =I69 -> 0.043176992 | ... BJ107: =BJ69 -> 0.023343784 | BN107: =BN69 -> 0.045905538
A108: H | B108: =2-B109-B110 -> 2 | C108: =2-C109-C110 -> 2 | D108: =2-D109-D110 -> 2 | E108: =2-E109-E110 -> 2 | F108: =2-F109-F110 -> 2 | G108: =2-G109-G110 -> 2 | H108: =2-H109-H110 -> 2 | I108: =2-I109-I110 -> 2 | ... BJ108: =2-BJ109-BJ110 -> 2 | BN108: =2-BN109-BN110 -> 2
A109: F | B109: =B71 -> 0 | C109: =C71 -> 0 | D109: =D71 -> 0 | E109: =E71 -> 0 | F109: =F71 -> 0 | G109: =G71 -> 0 | H109: =H71 -> 0 | I109: =I71 -> 0 | ... BJ109: =BJ71 -> 0 | BN109: =BN71 -> 0
A110: Cl | B110: =B72 -> 0 | C110: =C72 -> 0 | D110: =D72 -> 0 | E110: =E72 -> 0 | F110: =F72 -> 0 | G110: =G72 -> 0 | H110: =H72 -> 0 | I110: =I72 -> 0 | ... BJ110: =BJ72 -> 0 | BN110: =BN72 -> 0
A111: Total | B111: =SUM(B96:B107) -> 15.438445 | C111: =SUM(C96:C107) -> 15.427548 | D111: =SUM(D96:D107) -> 15.48315 | E111: =SUM(E96:E107) -> 15.452314 | F111: =SUM(F96:F107) -> 15.46368 | G111: =SUM(G96:G107) -> 15.471702 | H111: =SUM(H96:H107) -> 15.432942 | I111: =SUM(I96:I107) -> 15.445457 | ... BJ111: =SUM(BJ96:BJ107) -> 15.667857 | BN111: =SUM(BN96:BN107) -> 15.451921
A113: Wt.% Recalculated
A115: SIO2 | B115: =(B96/15)*$B4*B$56/$C4 -> 46.44 | C115: =(C96/15)*$B4*C$56/$C4 -> 45.22 | D115: =(D96/15)*$B4*D$56/$C4 -> 44.98 | E115: =(E96/15)*$B4*E$56/$C4 -> 44.03 | F115: =(F96/15)*$B4*F$56/$C4 -> 44.95 | G115: =(G96/15)*$B4*G$56/$C4 -> 44.23 | H115: =(H96/15)*$B4*H$56/$C4 -> 44.96 | I115: =(I96/15)*$B4*I$56/$C4 -> 45.33 | ... BJ115: =(BJ96/15)*$B4*BJ$56/$C4 -> 41.82 | BN115: =(BN96/15)*$B4*BN$56/$C4 -> 45.0175
A116: TIO2 | B116: =(B97/15)*$B5*B$56/$C5 -> 0.44 | C116: =(C97/15)*$B5*C$56/$C5 -> 0.55 | D116: =(D97/15)*$B5*D$56/$C5 -> 0.57 | E116: =(E97/15)*$B5*E$56/$C5 -> 0.39 | F116: =(F97/15)*$B5*F$56/$C5 -> 0.62 | G116: =(G97/15)*$B5*G$56/$C5 -> 0.58 | H116: =(H97/15)*$B5*H$56/$C5 -> 0.6 | I116: =(I97/15)*$B5*I$56/$C5 -> 0.61 | ... BJ116: =(BJ97/15)*$B5*BJ$56/$C5 -> 1.94 | BN116: =(BN97/15)*$B5*BN$56/$C5 -> 0.545
A117: Cr2O3 | B117: =(B98/15)*$B6*B$56/$C6 -> 0.05 | C117: =(C98/15)*$B6*C$56/$C6 -> 0.04 | D117: =(D98/15)*$B6*D$56/$C6 -> 0.03 | E117: =(E98/15)*$B6*E$56/$C6 -> 0.05 | F117: =(F98/15)*$B6*F$56/$C6 -> 0.03 | G117: =(G98/15)*$B6*G$56/$C6 -> 0.02 | H117: =(H98/15)*$B6*H$56/$C6 -> 0.07 | I117: =(I98/15)*$B6*I$56/$C6 -> 0.05 | ... BJ117: =(BJ98/15)*$B6*BJ$56/$C6 -> 0.01 | BN117: =(BN98/15)*$B6*BN$56/$C6 -> 0.0425
...

Sheet KAMP
A1: AMPHIBOLE CAMP NORM (stoichiometric, Sum(Cations) = 15+K, I.e. no Na on A-site)
B3: Ox weight | C3: Cat mult | D3: charge
A4: SIO2 | B4: 60.08 | C4: 1 | D4: 4
A5: TIO2 | B5: 79.9 | C5: 1 | D5: 4
A6: Cr2O3 | B6: 151.9908 | C6: 2 | D6: 3
A7: AL2O3 | B7: 101.94 | C7: 2 | D7: 3
A8: FEO | B8: 71.85 | C8: 1 | D8: 2
A9: MNO | B9: 70.937 | C9: 1 | D9: 2
A10: NiO | B10: 74.7094 | C10: 1 | D10: 2
A11: MGO | B11: 40.31 | C11: 1 | D11: 2
A12: CAO | B12: 56.08 | C12: 1 | D12: 2
A13: NA2O | B13: 61.982 | C13: 2 | D13: 1
A14: K2O | B14: 94.2 | C14: 2 | D14: 1
A15: FE2O3 | B15: 159.691 | C15: 2 | D15: 3
... A18: Cl | B18: 35.453 | C18: 1 | D18: 0
A21: Input | B21: =Input!B1 -> 1 / 1 . | C21: =Input!C1 -> 4 / 1 . | D21: =Input!D1 -> 5 / 1 . | E21: =Input!E1 -> 6 / 1 . | F21: =Input!F1 -> 17 / 1 . | G21: =Input!G1 -> 18 / 1 . | H21: =Input!H1 -> 19 / 1 . | I21: =Input!I1 -> 20 / 1 . | ... T21: =Input!T1 -> 52 / 1 . | U21: Average | V21: Std
B22: =Input!B2 -> YG182_test amph | C22: =Input!C2 -> YG182_1_AmphC | D22: =Input!D2 -> YG182_1_AmphB | E22: =Input!E2 -> YG182_1_AmphB | F22: =Input!F2 -> YG182_2_AmphC | G22: =Input!G2 -> YG182_2_AmphB | H22: =Input!H2 -> YG182_2_AmphC | I22: =Input!I2 -> YG182_2_AmphB | ... T22: =Input!T2 -> 19NC11C_2_AmphB
A23: SIO2 | B23: =Input!B3 -> 46.44 | C23: =Input!C3 -> 45.22 | D23: =Input!D3 -> 44.98 | E23: =Input!E3 -> 44.03 | F23: =Input!F3 -> 44.95 | G23: =Input!G3 -> 44.23 | H23: =Input!H3 -> 44.96 | I23: =Input!I3 -> 45.33 | ... T23: =Input!T3 -> 42.61 | U23: =AVERAGE(B23:I23) -> 45.0175 | V23: =STDEV(B23:I23) -> 0.73355787
A24: TIO2 | B24: =Input!B4 -> 0.44 | C24: =Input!C4 -> 0.55 | D24: =Input!D4 -> 0.57 | E24: =Input!E4 -> 0.39 | F24: =Input!F4 -> 0.62 | G24: =Input!G4 -> 0.58 | H24: =Input!H4 -> 0.6 | I24: =Input!I4 -> 0.61 | ... T24: =Input!T4 -> 1.59 | U24: =AVERAGE(B24:I24) -> 0.545 | V24: =STDEV(B24:I24) -> 0.084346225
A25: Cr2O3 | B25: =Input!B5 -> 0.05 | C25: =Input!C5 -> 0.04 | D25: =Input!D5 -> 0.03 | E25: =Input!E5 -> 0.05 | F25: =Input!F5 -> 0.03 | G25: =Input!G5 -> 0.02 | H25: =Input!H5 -> 0.07 | I25: =Input!I5 -> 0.05 | ... T25: =Input!T5 -> 0.1 | U25: =AVERAGE(B25:I25) -> 0.0425 | V25: =STDEV(B25:I25) -> 0.015811388
A26: AL2O3 | B26: =Input!B6 -> 9.56 | C26: =Input!C6 -> 11.21 | D26: =Input!D6 -> 11.78 | E26: =Input!E6 -> 11.73 | F26: =Input!F6 -> 11.48 | G26: =Input!G6 -> 11.91 | H26: =Input!H6 -> 11.54 | I26: =Input!I6 -> 11.44 | ... T26: =Input!T6 -> 11.29 | U26: =AVERAGE(B26:I26) -> 11.33125 | V26: =STDEV(B26:I26) -> 0.74879785
A27: FEO | B27: =Input!B7 -> 13.78 | C27: =Input!C7 -> 13.44 | D27: =Input!D7 -> 14.5 | E27: =Input!E7 -> 14.61 | F27: =Input!F7 -> 13.9 | G27: =Input!G7 -> 14.65 | H27: =Input!H7 -> 13.48 | I27: =Input!I7 -> 14.11 | ... T27: =Input!T7 -> 14.68 | U27: =AVERAGE(B27:I27) -> 14.05875 | V27: =STDEV(B27:I27) -> 0.48865522
A28: MNO | B28: =Input!B8 -> 0.68 | C28: =Input!C8 -> 0.84 | D28: =Input!D8 -> 1.01 | E28: =Input!E8 -> 1.11 | F28: =Input!F8 -> 0.85 | G28: =Input!G8 -> 0.84 | H28: =Input!H8 -> 0.81 | I28: =Input!I8 -> 0.85 | ... T28: =Input!T8 -> 0.21 | U28: =AVERAGE(B28:I28) -> 0.87375 | V28: =STDEV(B28:I28) -> 0.13059616
A29: NiO | B29: =Input!B9 -> 0.03 | C29: =Input!C9 -> 0 | D29: =Input!D9 -> 0 | E29: =Input!E9 -> 0.03 | F29: =Input!F9 -> 0 | G29: =Input!G9 -> 0 | H29: =Input!H9 -> 0 | I29: =Input!I9 -> 0 | ... T29: =Input!T9 -> 0 | U29: =AVERAGE(B29:I29) -> 0.0075 | V29: =STDEV(B29:I29) -> 0.013887301
A30: MGO | B30: =Input!B10 -> 12.46 | C30: =Input!C10 -> 13 | D30: =Input!D10 -> 12.06 | E30: =Input!E10 -> 11.98 | F30: =Input!F10 -> 12.24 | G30: =Input!G10 -> 11.92 | H30: =Input!H10 -> 12.39 | I30: =Input!I10 -> 12.42 | ... T30: =Input!T10 -> 11.74 | U30: =AVERAGE(B30:I30) -> 12.30875 | V30: =STDEV(B30:I30) -> 0.34753982
A31: CAO | B31: =Input!B11 -> 10.49 | C31: =Input!C11 -> 10.53 | D31: =Input!D11 -> 10.55 | E31: =Input!E11 -> 10 | F31: =Input!F11 -> 10.87 | G31: =Input!G11 -> 10.94 | H31: =Input!H11 -> 11.02 | I31: =Input!I11 -> 10.81 | ... T31: =Input!T11 -> 12.07 | U31: =AVERAGE(B31:I31) -> 10.65125 | V31: =STDEV(B31:I31) -> 0.33112093
A32: NA2O | B32: =Input!B12 -> 1.35 | C32: =Input!C12 -> 1.4 | D32: =Input!D12 -> 1.51 | E32: =Input!E12 -> 1.39 | F32: =Input!F12 -> 1.39 | G32: =Input!G12 -> 1.47 | H32: =Input!H12 -> 1.37 | I32: =Input!I12 -> 1.41 | ... T32: =Input!T12 -> 1.6 | U32: =AVERAGE(B32:I32) -> 1.41125 | V32: =STDEV(B32:I32) -> 0.053033009
A33: K2O | B33: =Input!B13 -> 0.24 | C33: =Input!C13 -> 0.14 | D33: =Input!D13 -> 0.27 | E33: =Input!E13 -> 0.25 | F33: =Input!F13 -> 0.34 | G33: =Input!G13 -> 0.26 | H33: =Input!H13 -> 0.21 | I33: =Input!I13 -> 0.23 | ... T33: =Input!T13 -> 0.94 | U33: =AVERAGE(B33:I33) -> 0.2425 | V33: =STDEV(B33:I33) -> 0.056505373
A34: H2O | B34: =Input!B14 -> 0 | C34: =Input!C14 -> 0 | D34: =Input!D14 -> 0 | E34: =Input!E14 -> 0 | F34: =Input!F14 -> 0 | G34: =Input!G14 -> 0 | H34: =Input!H14 -> 0 | I34: =Input!I14 -> 0 | ... T34: =Input!T14 -> 0 | U34: =AVERAGE(B34:I34) -> 0 | V34: =STDEV(B34:I34) -> 0
... A36: Cl | B36: =Input!B16 -> 0 | C36: =Input!C16 -> 0 | D36: =Input!D16 -> 0 | E36: =Input!E16 -> 0 | F36: =Input!F16 -> 0 | G36: =Input!G16 -> 0 | H36: =Input!H16 -> 0 | I36: =Input!I16 -> 0 | ... T36: =Input!T16 -> 0 | U36: =AVERAGE(B36:I36) -> 0 | V36: =STDEV(B36:I36) -> 0
A38: Total | B38: =SUM(B23:B33) -> 95.52 | C38: =SUM(C23:C33) -> 96.37 | D38: =SUM(D23:D33) -> 97.26 | E38: =SUM(E23:E33) -> 95.57 | F38: =SUM(F23:F33) -> 96.67 | G38: =SUM(G23:G33) -> 96.82 | H38: =SUM(H23:H33) -> 96.45 | I38: =SUM(I23:I33) -> 97.26 | ... U38: =SUM(U23:U33) -> 96.49
A41: Atoms
A42: Si | B42: =B23*$C4/$B4 -> 0.77296937 | C42: =C23*$C4/$B4 -> 0.75266312 | D42: =D23*$C4/$B4 -> 0.74866844 | E42: =E23*$C4/$B4 -> 0.73285619 | F42: =F23*$C4/$B4 -> 0.74816911 | G42: =G23*$C4/$B4 -> 0.73618509 | H42: =H23*$C4/$B4 -> 0.74833555 | I42: =I23*$C4/$B4 -> 0.75449401 | ... U42: =U23*$C4/$B4 -> 0.74929261
A43: Ti | B43: =B24*$C5/$B5 -> 0.0055068836 | C43: =C24*$C5/$B5 -> 0.0068836045 | D43: =D24*$C5/$B5 -> 0.0071339174 | E43: =E24*$C5/$B5 -> 0.0048811014 | F43: =F24*$C5/$B5 -> 0.0077596996 | G43: =G24*$C5/$B5 -> 0.0072590738 | H43: =H24*$C5/$B5 -> 0.0075093867 | I43: =I24*$C5/$B5 -> 0.0076345432 | ... U43: =U24*$C5/$B5 -> 0.0068210263
A44: Cr | B44: =B25*$C6/$B6 -> 0.00065793456 | C44: =C25*$C6/$B6 -> 0.00052634765 | D44: =D25*$C6/$B6 -> 0.00039476074 | E44: =E25*$C6/$B6 -> 0.00065793456 | F44: =F25*$C6/$B6 -> 0.00039476074 | G44: =G25*$C6/$B6 -> 0.00026317382 | H44: =H25*$C6/$B6 -> 0.00092110838 | I44: =I25*$C6/$B6 -> 0.00065793456 | ... U44: =U25*$C6/$B6 -> 0.00055924438
A45: Al | B45: =B26*$C7/$B7 -> 0.18756131 | C45: =C26*$C7/$B7 -> 0.21993329 | D45: =D26*$C7/$B7 -> 0.23111634 | E45: =E26*$C7/$B7 -> 0.23013537 | F45: =F26*$C7/$B7 -> 0.22523053 | G45: =G26*$C7/$B7 -> 0.23366686 | H45: =H26*$C7/$B7 -> 0.22640769 | I45: =I26*$C7/$B7 -> 0.22444575 | ... U45: =U26*$C7/$B7 -> 0.22231214
A46: Fe | B46: =B27*$C8/$B8 -> 0.19178845 | C46: =C27*$C8/$B8 -> 0.18705637 | D46: =D27*$C8/$B8 -> 0.20180932 | E46: =E27*$C8/$B8 -> 0.20334029 | F46: =F27*$C8/$B8 -> 0.19345859 | G46: =G27*$C8/$B8 -> 0.20389701 | H46: =H27*$C8/$B8 -> 0.18761308 | I46: =I27*$C8/$B8 -> 0.19638135 | ... U46: =U27*$C8/$B8 -> 0.19566806
A47: Mn | B47: =B28*$C9/$B9 -> 0.0095859707 | C47: =C28*$C9/$B9 -> 0.011841493 | D47: =D28*$C9/$B9 -> 0.014237986 | E47: =E28*$C9/$B9 -> 0.015647687 | F47: =F28*$C9/$B9 -> 0.011982463 | G47: =G28*$C9/$B9 -> 0.011841493 | H47: =H28*$C9/$B9 -> 0.011418583 | I47: =I28*$C9/$B9 -> 0.011982463 | ... U47: =U28*$C9/$B9 -> 0.012317267
A48: Ni | B48: =B29*$C10/$B10 -> 0.0004015559 | C48: =C29*$C10/$B10 -> 0 | D48: =D29*$C10/$B10 -> 0 | E48: =E29*$C10/$B10 -> 0.0004015559 | F48: =F29*$C10/$B10 -> 0 | G48: =G29*$C10/$B10 -> 0 | H48: =H29*$C10/$B10 -> 0 | I48: =I29*$C10/$B10 -> 0 | ... U48: =U29*$C10/$B10 -> 0.00010038897
A49: Mg | B49: =B30*$C11/$B11 -> 0.30910444 | C49: =C30*$C11/$B11 -> 0.32250062 | D49: =D30*$C11/$B11 -> 0.29918134 | E49: =E30*$C11/$B11 -> 0.29719673 | F49: =F30*$C11/$B11 -> 0.30364674 | G49: =G30*$C11/$B11 -> 0.29570826 | H49: =H30*$C11/$B11 -> 0.3073679 | I49: =I30*$C11/$B11 -> 0.30811213 | ... U49: =U30*$C11/$B11 -> 0.30535227
A50: Ca | B50: =B31*$C12/$B12 -> 0.18705421 | C50: =C31*$C12/$B12 -> 0.18776748 | D50: =D31*$C12/$B12 -> 0.18812411 | E50: =E31*$C12/$B12 -> 0.17831669 | F50: =F31*$C12/$B12 -> 0.19383024 | G50: =G31*$C12/$B12 -> 0.19507846 | H50: =H31*$C12/$B12 -> 0.19650499 | I50: =I31*$C12/$B12 -> 0.19276034 | ... U50: =U31*$C12/$B12 -> 0.18992956
A51: Na | B51: =B32*$C13/$B13 -> 0.043561034 | C51: =C32*$C13/$B13 -> 0.045174405 | D51: =D32*$C13/$B13 -> 0.048723823 | E51: =E32*$C13/$B13 -> 0.044851731 | F51: =F32*$C13/$B13 -> 0.044851731 | G51: =G32*$C13/$B13 -> 0.047433126 | H51: =H32*$C13/$B13 -> 0.044206382 | I51: =I32*$C13/$B13 -> 0.04549708 | ... U51: =U32*$C13/$B13 -> 0.045537414
A52: K | B52: =B33*$C14/$B14 -> 0.0050955414 | C52: =C33*$C14/$B14 -> 0.0029723992 | D52: =D33*$C14/$B14 -> 0.0057324841 | E52: =E33*$C14/$B14 -> 0.0053078556 | F52: =F33*$C14/$B14 -> 0.0072186837 | G52: =G33*$C14/$B14 -> 0.0055201699 | H52: =H33*$C14/$B14 -> 0.0044585987 | I52: =I33*$C14/$B14 -> 0.0048832272 | ... U52: =U33*$C14/$B14 -> 0.00514862
A53: H | B53: =B34*$C16/$B16 -> 0 | C53: =C34*$C16/$B16 -> 0 | D53: =D34*$C16/$B16 -> 0 | E53: =E34*$C16/$B16 -> 0 | F53: =F34*$C16/$B16 -> 0 | G53: =G34*$C16/$B16 -> 0 | H53: =H34*$C16/$B16 -> 0 | I53: =I34*$C16/$B16 -> 0 | ... U53: =U34*$C16/$B16 -> 0
A54: F | B54: =B35*$C17/$B17 -> 0 | C54: =C35*$C17/$B17 -> 0 | D54: =D35*$C17/$B17 -> 0 | E54: =E35*$C17/$B17 -> 0 | F54: =F35*$C17/$B17 -> 0 | G54: =G35*$C17/$B17 -> 0 | H54: =H35*$C17/$B17 -> 0 | I54: =I35*$C17/$B17 -> 0 | ... U54: =U35*$C17/$B17 -> 0
A55: Cl | B55: =B36*$C18/$B18 -> 0 | C55: =C36*$C18/$B18 -> 0 | D55: =D36*$C18/$B18 -> 0 | E55: =E36*$C18/$B18 -> 0 | F55: =F36*$C18/$B18 -> 0 | G55: =G36*$C18/$B18 -> 0 | H55: =H36*$C18/$B18 -> 0 | I55: =I36*$C18/$B18 -> 0 | ... U55: =U36*$C18/$B18 -> 0
A56: Total | B56: =SUM(B42:B51) -> 1.7081912 | C56: =SUM(C42:C51) -> 1.7343467 | D56: =SUM(D42:D51) -> 1.73939 | E56: =SUM(E42:E51) -> 1.7082853 | F56: =SUM(F42:F51) -> 1.7293239 | G56: =SUM(G42:G51) -> 1.7313325 | H56: =SUM(H42:H51) -> 1.7302847 | I56: =SUM(I42:I51) -> 1.7419656 | ... U56: =SUM(U42:U51) -> 1.72789
A58: Cations all Fe2+ (Cations = 15K) (KAMP)
A59: Si | B59: =B42*15/(B$56) -> 6.7876131 | C59: =C42*15/(C$56) -> 6.509625 | D59: =D42*15/(D$56) -> 6.4563015 | E59: =E42*15/(E$56) -> 6.4350158 | F59: =F42*15/(F$56) -> 6.4895517 | G59: =G42*15/(G$56) -> 6.3781948 | H59: =H42*15/(H$56) -> 6.487391 | I59: =I42*15/(I$56) -> 6.4969194 | ... U59: =U42*15/(U$56) -> 6.5046902
A60: Ti | B60: =B43*15/(B$56) -> 0.048357149 | C60: =C43*15/(C$56) -> 0.059534847 | D60: =D43*15/(D$56) -> 0.061520854 | E60: =E43*15/(E$56) -> 0.042859657 | F60: =F43*15/(F$56) -> 0.067306938 | G60: =G43*15/(G$56) -> 0.062891504 | H60: =H43*15/(H$56) -> 0.065099577 | I60: =I43*15/(I$56) -> 0.065740763 | ... U60: =U43*15/(U$56) -> 0.059214067
A61: Cr | B61: =B44*15/(B$56) -> 0.0057774672 | C61: =C44*15/(C$56) -> 0.0045522701 | D61: =D44*15/(D$56) -> 0.0034043032 | E61: =E44*15/(E$56) -> 0.0057771489 | F61: =F44*15/(F$56) -> 0.0034241192 | G61: =G44*15/(G$56) -> 0.0022800977 | H61: =H44*15/(H$56) -> 0.0079851749 | I61: =I44*15/(I$56) -> 0.0056654496 | ... U61: =U44*15/(U$56) -> 0.0048548609
A62: Al | B62: =B45*15/(B$56) -> 1.6470169 | C62: =C45*15/(C$56) -> 1.9021568 | D62: =D45*15/(D$56) -> 1.9930809 | E62: =E45*15/(E$56) -> 2.0207577 | F62: =F45*15/(F$56) -> 1.9536294 | G62: =G45*15/(G$56) -> 2.0244539 | H62: =H45*15/(H$56) -> 1.9627495 | I62: =I45*15/(I$56) -> 1.9326939 | ... U62: =U45*15/(U$56) -> 1.9299158
A63: Fe | B63: =B46*15/(B$56) -> 1.6841363 | C63: =C46*15/(C$56) -> 1.6178112 | D63: =D46*15/(D$56) -> 1.7403456 | E63: =E46*15/(E$56) -> 1.7854772 | F63: =F46*15/(F$56) -> 1.6780425 | G63: =G46*15/(G$56) -> 1.7665324 | H63: =H46*15/(H$56) -> 1.6264354 | I63: =I46*15/(I$56) -> 1.6910324 | ... U63: =U46*15/(U$56) -> 1.6986156
A64: Mn | B64: =B47*15/(B$56) -> 0.084176504 | C64: =C47*15/(C$56) -> 0.10241458 | D64: =D47*15/(D$56) -> 0.1227843 | E64: =E47*15/(E$56) -> 0.13739819 | F64: =F47*15/(F$56) -> 0.10393481 | G64: =G47*15/(G$56) -> 0.10259288 | H64: =H47*15/(H$56) -> 0.098988763 | I64: =I47*15/(I$56) -> 0.10318054 | ... U64: =U47*15/(U$56) -> 0.10692753
A65: Ni | B65: =B48*15/(B$56) -> 0.0035261501 | C65: =C48*15/(C$56) -> 0 | D65: =D48*15/(D$56) -> 0 | E65: =E48*15/(E$56) -> 0.0035259558 | F65: =F48*15/(F$56) -> 0 | G65: =G48*15/(G$56) -> 0 | H65: =H48*15/(H$56) -> 0 | I65: =I48*15/(I$56) -> 0 | ... U65: =U48*15/(U$56) -> 0.00087148755
A66: Mg | B66: =B49*15/(B$56) -> 2.7143137 | C66: =C49*15/(C$56) -> 2.78924 | D66: =D49*15/(D$56) -> 2.5800539 | E66: =E49*15/(E$56) -> 2.6096056 | F66: =F49*15/(F$56) -> 2.6338046 | G66: =G49*15/(G$56) -> 2.5619711 | H66: =H49*15/(H$56) -> 2.6646011 | I66: =I49*15/(I$56) -> 2.6531419 | ... U66: =U49*15/(U$56) -> 2.6507961
A67: Ca | B67: =B50*15/(B$56) -> 1.6425639 | C67: =C50*15/(C$56) -> 1.6239614 | D67: =D50*15/(D$56) -> 1.6223283 | E67: =E50*15/(E$56) -> 1.5657516 | F67: =F50*15/(F$56) -> 1.6812661 | G67: =G50*15/(G$56) -> 1.6901299 | H67: =H50*15/(H$56) -> 1.7035202 | I67: =I50*15/(I$56) -> 1.659852 | ... U67: =U50*15/(U$56) -> 1.6487991
A68: Na | B68: =B51*15/(B$56) -> 0.38251896 | C68: =C51*15/(C$56) -> 0.39070393 | D68: =D51*15/(D$56) -> 0.42018025 | E68: =E51*15/(E$56) -> 0.39383116 | F68: =F51*15/(F$56) -> 0.38903989 | G68: =G51*15/(G$56) -> 0.41095334 | H68: =H51*15/(H$56) -> 0.38322927 | I68: =I51*15/(I$56) -> 0.39177363 | ... U68: =U51*15/(U$56) -> 0.39531522
A69: K | B69: =B52*15/(B$56) -> 0.044745063 | C69: =C52*15/(C$56) -> 0.025707655 | D69: =D52*15/(D$56) -> 0.049435296 | E69: =E52*15/(E$56) -> 0.046606872 | F69: =F52*15/(F$56) -> 0.062614214 | G69: =G52*15/(G$56) -> 0.047825906 | H69: =H52*15/(H$56) -> 0.03865201 | I69: =I52*15/(I$56) -> 0.042049285 | ... U69: =U52*15/(U$56) -> 0.044695727
A70: H | B70: =B53*15/(B$56) -> 0 | C70: =C53*15/(C$56) -> 0 | D70: =D53*15/(D$56) -> 0 | E70: =E53*15/(E$56) -> 0 | F70: =F53*15/(F$56) -> 0 | G70: =G53*15/(G$56) -> 0 | H70: =H53*15/(H$56) -> 0 | I70: =I53*15/(I$56) -> 0 | ... U70: =U53*15/(U$56) -> 0
... A72: Cl | B72: =B55*15/(B$56) -> 0 | C72: =C55*15/(C$56) -> 0 | D72: =D55*15/(D$56) -> 0 | E72: =E55*15/(E$56) -> 0 | F72: =F55*15/(F$56) -> 0 | G72: =G55*15/(G$56) -> 0 | H72: =H55*15/(H$56) -> 0 | I72: =I55*15/(I$56) -> 0 | ... U72: =U55*15/(U$56) -> 0
A73: Total | B73: =SUM(B59:B69) -> 15.044745 | C73: =SUM(C59:C69) -> 15.025708 | D73: =SUM(D59:D69) -> 15.049435 | E73: =SUM(E59:E69) -> 15.046607 | F73: =SUM(F59:F69) -> 15.062614 | G73: =SUM(G59:G69) -> 15.047826 | H73: =SUM(H59:H69) -> 15.038652 | I73: =SUM(I59:I69) -> 15.042049 | ... U73: =SUM(U59:U69) -> 15.044696
A75: Charges
A76: Si | B76: =B59*$D4 -> 27.150452 | C76: =C59*$D4 -> 26.0385 | D76: =D59*$D4 -> 25.825206 | E76: =E59*$D4 -> 25.740063 | F76: =F59*$D4 -> 25.958207 | G76: =G59*$D4 -> 25.512779 | H76: =H59*$D4 -> 25.949564 | I76: =I59*$D4 -> 25.987678 | ... U76: =U59*$D4 -> 26.018761
A77: Ti | B77: =B60*$D5 -> 0.1934286 | C77: =C60*$D5 -> 0.23813939 | D77: =D60*$D5 -> 0.24608342 | E77: =E60*$D5 -> 0.17143863 | F77: =F60*$D5 -> 0.26922775 | G77: =G60*$D5 -> 0.25156602 | H77: =H60*$D5 -> 0.26039831 | I77: =I60*$D5 -> 0.26296305 | ... U77: =U60*$D5 -> 0.23685627
A78: Cr | B78: =B61*$D6 -> 0.017332402 | C78: =C61*$D6 -> 0.01365681 | D78: =D61*$D6 -> 0.010212909 | E78: =E61*$D6 -> 0.017331447 | F78: =F61*$D6 -> 0.010272358 | G78: =G61*$D6 -> 0.0068402931 | H78: =H61*$D6 -> 0.023955525 | I78: =I61*$D6 -> 0.016996349 | ... U78: =U61*$D6 -> 0.014564583
A79: Al | B79: =B62*$D7 -> 4.9410506 | C79: =C62*$D7 -> 5.7064704 | D79: =D62*$D7 -> 5.9792428 | E79: =E62*$D7 -> 6.062273 | F79: =F62*$D7 -> 5.8608882 | G79: =G62*$D7 -> 6.0733617 | H79: =H62*$D7 -> 5.8882485 | I79: =I62*$D7 -> 5.7980817 | ... U79: =U62*$D7 -> 5.7897474
A80: Fe | B80: =B63*$D8 -> 3.3682726 | C80: =C63*$D8 -> 3.2356224 | D80: =D63*$D8 -> 3.4806913 | E80: =E63*$D8 -> 3.5709544 | F80: =F63*$D8 -> 3.356085 | G80: =G63*$D8 -> 3.5330649 | H80: =H63*$D8 -> 3.2528708 | I80: =I63*$D8 -> 3.3820648 | ... U80: =U63*$D8 -> 3.3972312
A81: Mn | B81: =B64*$D9 -> 0.16835301 | C81: =C64*$D9 -> 0.20482917 | D81: =D64*$D9 -> 0.2455686 | E81: =E64*$D9 -> 0.27479639 | F81: =F64*$D9 -> 0.20786962 | G81: =G64*$D9 -> 0.20518577 | H81: =H64*$D9 -> 0.19797753 | I81: =I64*$D9 -> 0.20636108 | ... U81: =U64*$D9 -> 0.21385506
A82: Ni | B82: =B65*$D10 -> 0.0070523002 | C82: =C65*$D10 -> 0 | D82: =D65*$D10 -> 0 | E82: =E65*$D10 -> 0.0070519116 | F82: =F65*$D10 -> 0 | G82: =G65*$D10 -> 0 | H82: =H65*$D10 -> 0 | I82: =I65*$D10 -> 0 | ... U82: =U65*$D10 -> 0.0017429751
A83: Mg | B83: =B66*$D11 -> 5.4286273 | C83: =C66*$D11 -> 5.5784801 | D83: =D66*$D11 -> 5.1601079 | E83: =E66*$D11 -> 5.2192112 | F83: =F66*$D11 -> 5.2676091 | G83: =G66*$D11 -> 5.1239422 | H83: =H66*$D11 -> 5.3292022 | I83: =I66*$D11 -> 5.3062838 | ... U83: =U66*$D11 -> 5.3015922
A84: Ca | B84: =B67*$D12 -> 3.2851278 | C84: =C67*$D12 -> 3.2479228 | D84: =D67*$D12 -> 3.2446565 | E84: =E67*$D12 -> 3.1315031 | F84: =F67*$D12 -> 3.3625323 | G84: =G67*$D12 -> 3.3802598 | H84: =H67*$D12 -> 3.4070404 | I84: =I67*$D12 -> 3.319704 | ... U84: =U67*$D12 -> 3.2975982
A85: Na | B85: =B68*$D13 -> 0.38251896 | C85: =C68*$D13 -> 0.39070393 | D85: =D68*$D13 -> 0.42018025 | E85: =E68*$D13 -> 0.39383116 | F85: =F68*$D13 -> 0.38903989 | G85: =G68*$D13 -> 0.41095334 | H85: =H68*$D13 -> 0.38322927 | I85: =I68*$D13 -> 0.39177363 | ... U85: =U68*$D13 -> 0.39531522
A86: K | B86: =B69*$D14 -> 0.044745063 | C86: =C69*$D14 -> 0.025707655 | D86: =D69*$D14 -> 0.049435296 | E86: =E69*$D14 -> 0.046606872 | F86: =F69*$D14 -> 0.062614214 | G86: =G69*$D14 -> 0.047825906 | H86: =H69*$D14 -> 0.03865201 | I86: =I69*$D14 -> 0.042049285 | ... U86: =U69*$D14 -> 0.044695727
A87: H | B87: =B70*$D16 -> 0 | C87: =C70*$D16 -> 0 | D87: =D70*$D16 -> 0 | E87: =E70*$D16 -> 0 | F87: =F70*$D16 -> 0 | G87: =G70*$D16 -> 0 | H87: =H70*$D16 -> 0 | I87: =I70*$D16 -> 0 | ... U87: =U70*$D16 -> 0
A88: F | B88: =B71*$D17 -> 0 | C88: =C71*$D17 -> 0 | D88: =D71*$D17 -> 0 | E88: =E71*$D17 -> 0 | F88: =F71*$D17 -> 0 | G88: =G71*$D17 -> 0 | H88: =H71*$D17 -> 0 | I88: =I71*$D17 -> 0 | ... U88: =U71*$D17 -> 0
A89: Cl | B89: =B72*$D18 -> 0 | C89: =C72*$D18 -> 0 | D89: =D72*$D18 -> 0 | E89: =E72*$D18 -> 0 | F89: =F72*$D18 -> 0 | G89: =G72*$D18 -> 0 | H89: =H72*$D18 -> 0 | I89: =I72*$D18 -> 0 | ... U89: =U72*$D18 -> 0
A90: Total | B90: =SUM(B76:B86) -> 44.986961 | C90: =SUM(C76:C86) -> 44.680032 | D90: =SUM(D76:D86) -> 44.661385 | E90: =SUM(E76:E86) -> 44.635062 | F90: =SUM(F76:F86) -> 44.744345 | G90: =SUM(G76:G86) -> 44.545779 | H90: =SUM(H76:H86) -> 44.731139 | I90: =SUM(I76:I86) -> 44.713955 | ... U90: =SUM(U76:U86) -> 44.71196
A92: Charge Def. | B92: =46-B90 -> 1.0130392 | C92: =46-C90 -> 1.3199676 | D92: =46-D90 -> 1.338615 | E92: =46-E90 -> 1.3649384 | F92: =46-F90 -> 1.2556549 | G92: =46-G90 -> 1.4542207 | H92: =46-H90 -> 1.2688614 | I92: =46-I90 -> 1.2860447 | ... U92: =46-U90 -> 1.2880402
A95: Cations (Fe2+/Fe3+ charge balance)
A96: Si | B96: =B59 -> 6.7876131 | C96: =C59 -> 6.509625 | D96: =D59 -> 6.4563015 | E96: =E59 -> 6.4350158 | F96: =F59 -> 6.4895517 | G96: =G59 -> 6.3781948 | H96: =H59 -> 6.487391 | I96: =I59 -> 6.4969194 | ... U96: =U59 -> 6.5046902
A97: Ti | B97: =B60 -> 0.048357149 | C97: =C60 -> 0.059534847 | D97: =D60 -> 0.061520854 | E97: =E60 -> 0.042859657 | F97: =F60 -> 0.067306938 | G97: =G60 -> 0.062891504 | H97: =H60 -> 0.065099577 | I97: =I60 -> 0.065740763 | ... U97: =U60 -> 0.059214067
A98: Cr | B98: =B61 -> 0.0057774672 | C98: =C61 -> 0.0045522701 | D98: =D61 -> 0.0034043032 | E98: =E61 -> 0.0057771489 | F98: =F61 -> 0.0034241192 | G98: =G61 -> 0.0022800977 | H98: =H61 -> 0.0079851749 | I98: =I61 -> 0.0056654496 | ... U98: =U61 -> 0.0048548609
A99: Al | B99: =B62 -> 1.6470169 | C99: =C62 -> 1.9021568 | D99: =D62 -> 1.9930809 | E99: =E62 -> 2.0207577 | F99: =F62 -> 1.9536294 | G99: =G62 -> 2.0244539 | H99: =H62 -> 1.9627495 | I99: =I62 -> 1.9326939 | ... U99: =U62 -> 1.9299158
A100: Fe3+ | B100: =IF(B92<0, 0, IF(B92>B63, B63, B92)) -> 1.0130392 | C100: =IF(C92<0, 0, IF(C92>C63, C63, C92)) -> 1.3199676 | D100: =IF(D92<0, 0, IF(D92>D63, D63, D92)) -> 1.338615 | E100: =IF(E92<0, 0, IF(E92>E63, E63, E92)) -> 1.3649384 | F100: =IF(F92<0, 0, IF(F92>F63, F63, F92)) -> 1.2556549 | G100: =IF(G92<0, 0, IF(G92>G63, G63, G92)) -> 1.4542207 | H100: =IF(H92<0, 0, IF(H92>H63, H63, H92)) -> 1.2688614 | I100: =IF(I92<0, 0, IF(I92>I63, I63, I92)) -> 1.2860447 | ... U100: =IF(U92<0, 0, IF(U92>U63, U63, U92)) -> 1.2880402
A101: Fe2+ | B101: =B63-B100 -> 0.67109713 | C101: =C63-C100 -> 0.2978436 | D101: =D63-D100 -> 0.40173067 | E101: =E63-E100 -> 0.42053873 | F101: =F63-F100 -> 0.42238757 | G101: =G63-G100 -> 0.31231171 | H101: =H63-H100 -> 0.35757399 | I101: =I63-I100 -> 0.40498769 | ... U101: =U63-U100 -> 0.41057536
A102: Mn | B102: =B64 -> 0.084176504 | C102: =C64 -> 0.10241458 | D102: =D64 -> 0.1227843 | E102: =E64 -> 0.13739819 | F102: =F64 -> 0.10393481 | G102: =G64 -> 0.10259288 | H102: =H64 -> 0.098988763 | I102: =I64 -> 0.10318054 | ... U102: =U64 -> 0.10692753
A103: Ni | B103: =B65 -> 0.0035261501 | C103: =C65 -> 0 | D103: =D65 -> 0 | E103: =E65 -> 0.0035259558 | F103: =F65 -> 0 | G103: =G65 -> 0 | H103: =H65 -> 0 | I103: =I65 -> 0 | ... U103: =U65 -> 0.00087148755
A104: Mg | B104: =B66 -> 2.7143137 | C104: =C66 -> 2.78924 | D104: =D66 -> 2.5800539 | E104: =E66 -> 2.6096056 | F104: =F66 -> 2.6338046 | G104: =G66 -> 2.5619711 | H104: =H66 -> 2.6646011 | I104: =I66 -> 2.6531419 | ... U104: =U66 -> 2.6507961
A105: Ca | B105: =B67 -> 1.6425639 | C105: =C67 -> 1.6239614 | D105: =D67 -> 1.6223283 | E105: =E67 -> 1.5657516 | F105: =F67 -> 1.6812661 | G105: =G67 -> 1.6901299 | H105: =H67 -> 1.7035202 | I105: =I67 -> 1.659852 | ... U105: =U67 -> 1.6487991
A106: Na | B106: =B68 -> 0.38251896 | C106: =C68 -> 0.39070393 | D106: =D68 -> 0.42018025 | E106: =E68 -> 0.39383116 | F106: =F68 -> 0.38903989 | G106: =G68 -> 0.41095334 | H106: =H68 -> 0.38322927 | I106: =I68 -> 0.39177363 | ... U106: =U68 -> 0.39531522
A107: K | B107: =B69 -> 0.044745063 | C107: =C69 -> 0.025707655 | D107: =D69 -> 0.049435296 | E107: =E69 -> 0.046606872 | F107: =F69 -> 0.062614214 | G107: =G69 -> 0.047825906 | H107: =H69 -> 0.03865201 | I107: =I69 -> 0.042049285 | ... U107: =U69 -> 0.044695727
A108: H | B108: =2-B109-B110 -> 2 | C108: =2-C109-C110 -> 2 | D108: =2-D109-D110 -> 2 | E108: =2-E109-E110 -> 2 | F108: =2-F109-F110 -> 2 | G108: =2-G109-G110 -> 2 | H108: =2-H109-H110 -> 2 | I108: =2-I109-I110 -> 2 | ... U108: =2-U109-U110 -> 2
A109: F | B109: =B71 -> 0 | C109: =C71 -> 0 | D109: =D71 -> 0 | E109: =E71 -> 0 | F109: =F71 -> 0 | G109: =G71 -> 0 | H109: =H71 -> 0 | I109: =I71 -> 0 | ... U109: =U71 -> 0
A110: Cl | B110: =B72 -> 0 | C110: =C72 -> 0 | D110: =D72 -> 0 | E110: =E72 -> 0 | F110: =F72 -> 0 | G110: =G72 -> 0 | H110: =H72 -> 0 | I110: =I72 -> 0 | ... U110: =U72 -> 0
A111: Total | B111: =SUM(B96:B107) -> 15.044745 | C111: =SUM(C96:C107) -> 15.025708 | D111: =SUM(D96:D107) -> 15.049435 | E111: =SUM(E96:E107) -> 15.046607 | F111: =SUM(F96:F107) -> 15.062614 | G111: =SUM(G96:G107) -> 15.047826 | H111: =SUM(H96:H107) -> 15.038652 | I111: =SUM(I96:I107) -> 15.042049 | ... U111: =SUM(U96:U107) -> 15.044696
A113: Wt.% Recalculated
A115: SIO2 | B115: =(B96/15)*$B4*B$56/$C4 -> 46.44 | C115: =(C96/15)*$B4*C$56/$C4 -> 45.22 | D115: =(D96/15)*$B4*D$56/$C4 -> 44.98 | E115: =(E96/15)*$B4*E$56/$C4 -> 44.03 | F115: =(F96/15)*$B4*F$56/$C4 -> 44.95 | G115: =(G96/15)*$B4*G$56/$C4 -> 44.23 | H115: =(H96/15)*$B4*H$56/$C4 -> 44.96 | I115: =(I96/15)*$B4*I$56/$C4 -> 45.33 | ... U115: =(U96/15)*$B4*U$56/$C4 -> 45.0175
A116: TIO2 | B116: =(B97/15)*$B5*B$56/$C5 -> 0.44 | C116: =(C97/15)*$B5*C$56/$C5 -> 0.55 | D116: =(D97/15)*$B5*D$56/$C5 -> 0.57 | E116: =(E97/15)*$B5*E$56/$C5 -> 0.39 | F116: =(F97/15)*$B5*F$56/$C5 -> 0.62 | G116: =(G97/15)*$B5*G$56/$C5 -> 0.58 | H116: =(H97/15)*$B5*H$56/$C5 -> 0.6 | I116: =(I97/15)*$B5*I$56/$C5 -> 0.61 | ... U116: =(U97/15)*$B5*U$56/$C5 -> 0.545
A117: Cr2O3 | B117: =(B98/15)*$B6*B$56/$C6 -> 0.05 | C117: =(C98/15)*$B6*C$56/$C6 -> 0.04 | D117: =(D98/15)*$B6*D$56/$C6 -> 0.03 | E117: =(E98/15)*$B6*E$56/$C6 -> 0.05 | F117: =(F98/15)*$B6*F$56/$C6 -> 0.03 | G117: =(G98/15)*$B6*G$56/$C6 -> 0.02 | H117: =(H98/15)*$B6*H$56/$C6 -> 0.07 | I117: =(I98/15)*$B6*I$56/$C6 -> 0.05 | ... U117: =(U98/15)*$B6*U$56/$C6 -> 0.0425
...

Sheet RAMP
A1: AMPHIBOLE RAMP NORM 46 charges fixed Fe3+/Fetot ratio provided by input)
B3: Ox weight | C3: Cat mult | D3: charge
A4: SIO2 | B4: 60.08 | C4: 1 | D4: 4
A5: TIO2 | B5: 79.9 | C5: 1 | D5: 4
A6: Cr2O3 | B6: 151.9908 | C6: 2 | D6: 3
A7: AL2O3 | B7: 101.94 | C7: 2 | D7: 3
A8: FEO | B8: 71.85 | C8: 1 | D8: 2
A9: MNO | B9: 70.937 | C9: 1 | D9: 2
A10: NiO | B10: 74.7094 | C10: 1 | D10: 2
A11: MGO | B11: 40.31 | C11: 1 | D11: 2
A12: CAO | B12: 56.08 | C12: 1 | D12: 2
A13: NA2O | B13: 61.982 | C13: 2 | D13: 1
A14: K2O | B14: 94.2 | C14: 2 | D14: 1
A15: FE2O3 | B15: 159.691 | C15: 2 | D15: 3
... A18: Cl | B18: 35.453 | C18: 1 | D18: 0
A21: Input | B21: =Input!B1 -> 1 / 1 . | C21: =Input!C1 -> 4 / 1 . | D21: =Input!D1 -> 5 / 1 . | E21: =Input!E1 -> 6 / 1 . | F21: =Input!F1 -> 17 / 1 . | G21: =Input!G1 -> 18 / 1 . | H21: =Input!H1 -> 19 / 1 . | I21: =Input!I1 -> 20 / 1 . | ... BL21: =Input!BL1 -> 0 | BM21: Average | BN21: Std
B22: =Input!B2 -> YG182_test amph | C22: =Input!C2 -> YG182_1_AmphC | D22: =Input!D2 -> YG182_1_AmphB | E22: =Input!E2 -> YG182_1_AmphB | F22: =Input!F2 -> YG182_2_AmphC | G22: =Input!G2 -> YG182_2_AmphB | H22: =Input!H2 -> YG182_2_AmphC | I22: =Input!I2 -> YG182_2_AmphB | ... BL22: =Input!BL2 -> 0
A23: SIO2 | B23: =Input!B3 -> 46.44 | C23: =Input!C3 -> 45.22 | D23: =Input!D3 -> 44.98 | E23: =Input!E3 -> 44.03 | F23: =Input!F3 -> 44.95 | G23: =Input!G3 -> 44.23 | H23: =Input!H3 -> 44.96 | I23: =Input!I3 -> 45.33 | ... BL23: =Input!BL3 -> 0 | BM23: =AVERAGE(B23:I23) -> 45.0175 | BN23: =STDEV(B23:I23) -> 0.73355787
A24: TIO2 | B24: =Input!B4 -> 0.44 | C24: =Input!C4 -> 0.55 | D24: =Input!D4 -> 0.57 | E24: =Input!E4 -> 0.39 | F24: =Input!F4 -> 0.62 | G24: =Input!G4 -> 0.58 | H24: =Input!H4 -> 0.6 | I24: =Input!I4 -> 0.61 | ... BL24: =Input!BL4 -> 0 | BM24: =AVERAGE(B24:I24) -> 0.545 | BN24: =STDEV(B24:I24) -> 0.084346225
A25: Cr2O3 | B25: =Input!B5 -> 0.05 | C25: =Input!C5 -> 0.04 | D25: =Input!D5 -> 0.03 | E25: =Input!E5 -> 0.05 | F25: =Input!F5 -> 0.03 | G25: =Input!G5 -> 0.02 | H25: =Input!H5 -> 0.07 | I25: =Input!I5 -> 0.05 | ... BL25: =Input!BL5 -> 0 | BM25: =AVERAGE(B25:I25) -> 0.0425 | BN25: =STDEV(B25:I25) -> 0.015811388
A26: AL2O3 | B26: =Input!B6 -> 9.56 | C26: =Input!C6 -> 11.21 | D26: =Input!D6 -> 11.78 | E26: =Input!E6 -> 11.73 | F26: =Input!F6 -> 11.48 | G26: =Input!G6 -> 11.91 | H26: =Input!H6 -> 11.54 | I26: =Input!I6 -> 11.44 | ... BL26: =Input!BL6 -> 0 | BM26: =AVERAGE(B26:I26) -> 11.33125 | BN26: =STDEV(B26:I26) -> 0.74879785
A27: FEO | B27: =Input!B7 -> 13.78 | C27: =Input!C7 -> 13.44 | D27: =Input!D7 -> 14.5 | E27: =Input!E7 -> 14.61 | F27: =Input!F7 -> 13.9 | G27: =Input!G7 -> 14.65 | H27: =Input!H7 -> 13.48 | I27: =Input!I7 -> 14.11 | ... BL27: =Input!BL7 -> 0 | BM27: =AVERAGE(B27:I27) -> 14.05875 | BN27: =STDEV(B27:I27) -> 0.48865522
A28: MNO | B28: =Input!B8 -> 0.68 | C28: =Input!C8 -> 0.84 | D28: =Input!D8 -> 1.01 | E28: =Input!E8 -> 1.11 | F28: =Input!F8 -> 0.85 | G28: =Input!G8 -> 0.84 | H28: =Input!H8 -> 0.81 | I28: =Input!I8 -> 0.85 | ... BL28: =Input!BL8 -> 0 | BM28: =AVERAGE(B28:I28) -> 0.87375 | BN28: =STDEV(B28:I28) -> 0.13059616
A29: NiO | B29: =Input!B9 -> 0.03 | C29: =Input!C9 -> 0 | D29: =Input!D9 -> 0 | E29: =Input!E9 -> 0.03 | F29: =Input!F9 -> 0 | G29: =Input!G9 -> 0 | H29: =Input!H9 -> 0 | I29: =Input!I9 -> 0 | ... BL29: =Input!BL9 -> 0 | BM29: =AVERAGE(B29:I29) -> 0.0075 | BN29: =STDEV(B29:I29) -> 0.013887301
A30: MGO | B30: =Input!B10 -> 12.46 | C30: =Input!C10 -> 13 | D30: =Input!D10 -> 12.06 | E30: =Input!E10 -> 11.98 | F30: =Input!F10 -> 12.24 | G30: =Input!G10 -> 11.92 | H30: =Input!H10 -> 12.39 | I30: =Input!I10 -> 12.42 | ... BL30: =Input!BL10 -> 0 | BM30: =AVERAGE(B30:I30) -> 12.30875 | BN30: =STDEV(B30:I30) -> 0.34753982
A31: CAO | B31: =Input!B11 -> 10.49 | C31: =Input!C11 -> 10.53 | D31: =Input!D11 -> 10.55 | E31: =Input!E11 -> 10 | F31: =Input!F11 -> 10.87 | G31: =Input!G11 -> 10.94 | H31: =Input!H11 -> 11.02 | I31: =Input!I11 -> 10.81 | ... BL31: =Input!BL11 -> 0 | BM31: =AVERAGE(B31:I31) -> 10.65125 | BN31: =STDEV(B31:I31) -> 0.33112093
A32: NA2O | B32: =Input!B12 -> 1.35 | C32: =Input!C12 -> 1.4 | D32: =Input!D12 -> 1.51 | E32: =Input!E12 -> 1.39 | F32: =Input!F12 -> 1.39 | G32: =Input!G12 -> 1.47 | H32: =Input!H12 -> 1.37 | I32: =Input!I12 -> 1.41 | ... BL32: =Input!BL12 -> 0 | BM32: =AVERAGE(B32:I32) -> 1.41125 | BN32: =STDEV(B32:I32) -> 0.053033009
A33: K2O | B33: =Input!B13 -> 0.24 | C33: =Input!C13 -> 0.14 | D33: =Input!D13 -> 0.27 | E33: =Input!E13 -> 0.25 | F33: =Input!F13 -> 0.34 | G33: =Input!G13 -> 0.26 | H33: =Input!H13 -> 0.21 | I33: =Input!I13 -> 0.23 | ... BL33: =Input!BL13 -> 0 | BM33: =AVERAGE(B33:I33) -> 0.2425 | BN33: =STDEV(B33:I33) -> 0.056505373
A34: H2O | B34: =Input!B14 -> 0 | C34: =Input!C14 -> 0 | D34: =Input!D14 -> 0 | E34: =Input!E14 -> 0 | F34: =Input!F14 -> 0 | G34: =Input!G14 -> 0 | H34: =Input!H14 -> 0 | I34: =Input!I14 -> 0 | ... BL34: =Input!BL14 -> 0 | BM34: =AVERAGE(B34:I34) -> 0 | BN34: =STDEV(B34:I34) -> 0
... A36: Cl | B36: =Input!B16 -> 0 | C36: =Input!C16 -> 0 | D36: =Input!D16 -> 0 | E36: =Input!E16 -> 0 | F36: =Input!F16 -> 0 | G36: =Input!G16 -> 0 | H36: =Input!H16 -> 0 | I36: =Input!I16 -> 0 | ... BL36: =Input!BL16 -> 0 | BM36: =AVERAGE(B36:I36) -> 0 | BN36: =STDEV(B36:I36) -> 0
A38: Total | B38: =SUM(B23:B33) -> 95.52 | C38: =SUM(C23:C33) -> 96.37 | D38: =SUM(D23:D33) -> 97.26 | E38: =SUM(E23:E33) -> 95.57 | F38: =SUM(F23:F33) -> 96.67 | G38: =SUM(G23:G33) -> 96.82 | H38: =SUM(H23:H33) -> 96.45 | I38: =SUM(I23:I33) -> 97.26 | ... BM38: =SUM(BM23:BM33) -> 96.49
A41: Atoms
A42: Si | B42: =B23*$C4/$B4 -> 0.77296937 | C42: =C23*$C4/$B4 -> 0.75266312 | D42: =D23*$C4/$B4 -> 0.74866844 | E42: =E23*$C4/$B4 -> 0.73285619 | F42: =F23*$C4/$B4 -> 0.74816911 | G42: =G23*$C4/$B4 -> 0.73618509 | H42: =H23*$C4/$B4 -> 0.74833555 | I42: =I23*$C4/$B4 -> 0.75449401 | ... BK42: =BK23*$C4/$B4 -> 0 | BM42: =BM23*$C4/$B4 -> 0.74929261
A43: Ti | B43: =B24*$C5/$B5 -> 0.0055068836 | C43: =C24*$C5/$B5 -> 0.0068836045 | D43: =D24*$C5/$B5 -> 0.0071339174 | E43: =E24*$C5/$B5 -> 0.0048811014 | F43: =F24*$C5/$B5 -> 0.0077596996 | G43: =G24*$C5/$B5 -> 0.0072590738 | H43: =H24*$C5/$B5 -> 0.0075093867 | I43: =I24*$C5/$B5 -> 0.0076345432 | ... BK43: =BK24*$C5/$B5 -> 0 | BM43: =BM24*$C5/$B5 -> 0.0068210263
A44: Cr | B44: =B25*$C6/$B6 -> 0.00065793456 | C44: =C25*$C6/$B6 -> 0.00052634765 | D44: =D25*$C6/$B6 -> 0.00039476074 | E44: =E25*$C6/$B6 -> 0.00065793456 | F44: =F25*$C6/$B6 -> 0.00039476074 | G44: =G25*$C6/$B6 -> 0.00026317382 | H44: =H25*$C6/$B6 -> 0.00092110838 | I44: =I25*$C6/$B6 -> 0.00065793456 | ... BK44: =BK25*$C6/$B6 -> 0 | BM44: =BM25*$C6/$B6 -> 0.00055924438
A45: Al | B45: =B26*$C7/$B7 -> 0.18756131 | C45: =C26*$C7/$B7 -> 0.21993329 | D45: =D26*$C7/$B7 -> 0.23111634 | E45: =E26*$C7/$B7 -> 0.23013537 | F45: =F26*$C7/$B7 -> 0.22523053 | G45: =G26*$C7/$B7 -> 0.23366686 | H45: =H26*$C7/$B7 -> 0.22640769 | I45: =I26*$C7/$B7 -> 0.22444575 | ... BK45: =BK26*$C7/$B7 -> 0 | BM45: =BM26*$C7/$B7 -> 0.22231214
A46: Fe3+ | B46: =B27*$C8*Input!$B20/$B8 -> 0.03835769 | C46: =C27*$C8*Input!$B20/$B8 -> 0.037411273 | D46: =D27*$C8*Input!$B20/$B8 -> 0.040361865 | E46: =E27*$C8*Input!$B20/$B8 -> 0.040668058 | F46: =F27*$C8*Input!$B20/$B8 -> 0.038691719 | G46: =G27*$C8*Input!$B20/$B8 -> 0.040779402 | H46: =H27*$C8*Input!$B20/$B8 -> 0.037522617 | I46: =I27*$C8*Input!$B20/$B8 -> 0.03927627 | ... BK46: =BK27*$C8*Input!$B20/$B8 -> 0 | BM46: =BM27*$C8*Input!$B20/$B8 -> 0.039133612
A47: Fe2+ | B47: =B27*$C8*(1-Input!$B20)/$B8 -> 0.15343076 | C47: =C27*$C8*(1-Input!$B20)/$B8 -> 0.14964509 | D47: =D27*$C8*(1-Input!$B20)/$B8 -> 0.16144746 | E47: =E27*$C8*(1-Input!$B20)/$B8 -> 0.16267223 | F47: =F27*$C8*(1-Input!$B20)/$B8 -> 0.15476688 | G47: =G27*$C8*(1-Input!$B20)/$B8 -> 0.16311761 | H47: =H27*$C8*(1-Input!$B20)/$B8 -> 0.15009047 | I47: =I27*$C8*(1-Input!$B20)/$B8 -> 0.15710508 | ... BK47: =BK27*$C8*(1-Input!$B20)/$B8 -> 0 | BM47: =BM27*$C8*(1-Input!$B20)/$B8 -> 0.15653445
A48: Mn | B48: =B28*$C9/$B9 -> 0.0095859707 | C48: =C28*$C9/$B9 -> 0.011841493 | D48: =D28*$C9/$B9 -> 0.014237986 | E48: =E28*$C9/$B9 -> 0.015647687 | F48: =F28*$C9/$B9 -> 0.011982463 | G48: =G28*$C9/$B9 -> 0.011841493 | H48: =H28*$C9/$B9 -> 0.011418583 | I48: =I28*$C9/$B9 -> 0.011982463 | ... BK48: =BK28*$C9/$B9 -> 0 | BM48: =BM28*$C9/$B9 -> 0.012317267
A49: Ni | B49: =B29*$C10/$B10 -> 0.0004015559 | C49: =C29*$C10/$B10 -> 0 | D49: =D29*$C10/$B10 -> 0 | E49: =E29*$C10/$B10 -> 0.0004015559 | F49: =F29*$C10/$B10 -> 0 | G49: =G29*$C10/$B10 -> 0 | H49: =H29*$C10/$B10 -> 0 | I49: =I29*$C10/$B10 -> 0 | ... BK49: =BK29*$C10/$B10 -> 0 | BM49: =BM29*$C10/$B10 -> 0.00010038897
A50: Mg | B50: =B30*$C11/$B11 -> 0.30910444 | C50: =C30*$C11/$B11 -> 0.32250062 | D50: =D30*$C11/$B11 -> 0.29918134 | E50: =E30*$C11/$B11 -> 0.29719673 | F50: =F30*$C11/$B11 -> 0.30364674 | G50: =G30*$C11/$B11 -> 0.29570826 | H50: =H30*$C11/$B11 -> 0.3073679 | I50: =I30*$C11/$B11 -> 0.30811213 | ... BK50: =BK30*$C11/$B11 -> 0 | BM50: =BM30*$C11/$B11 -> 0.30535227
A51: Ca | B51: =B31*$C12/$B12 -> 0.18705421 | C51: =C31*$C12/$B12 -> 0.18776748 | D51: =D31*$C12/$B12 -> 0.18812411 | E51: =E31*$C12/$B12 -> 0.17831669 | F51: =F31*$C12/$B12 -> 0.19383024 | G51: =G31*$C12/$B12 -> 0.19507846 | H51: =H31*$C12/$B12 -> 0.19650499 | I51: =I31*$C12/$B12 -> 0.19276034 | ... BK51: =BK31*$C12/$B12 -> 0 | BM51: =BM31*$C12/$B12 -> 0.18992956
A52: Na | B52: =B32*$C13/$B13 -> 0.043561034 | C52: =C32*$C13/$B13 -> 0.045174405 | D52: =D32*$C13/$B13 -> 0.048723823 | E52: =E32*$C13/$B13 -> 0.044851731 | F52: =F32*$C13/$B13 -> 0.044851731 | G52: =G32*$C13/$B13 -> 0.047433126 | H52: =H32*$C13/$B13 -> 0.044206382 | I52: =I32*$C13/$B13 -> 0.04549708 | ... BK52: =BK32*$C13/$B13 -> 0 | BM52: =BM32*$C13/$B13 -> 0.045537414
A53: K | B53: =B33*$C14/$B14 -> 0.0050955414 | C53: =C33*$C14/$B14 -> 0.0029723992 | D53: =D33*$C14/$B14 -> 0.0057324841 | E53: =E33*$C14/$B14 -> 0.0053078556 | F53: =F33*$C14/$B14 -> 0.0072186837 | G53: =G33*$C14/$B14 -> 0.0055201699 | H53: =H33*$C14/$B14 -> 0.0044585987 | I53: =I33*$C14/$B14 -> 0.0048832272 | ... BK53: =BK33*$C14/$B14 -> 0 | BM53: =BM33*$C14/$B14 -> 0.00514862
A54: H | B54: =B34*$C16/$B16 -> 0 | C54: =C34*$C16/$B16 -> 0 | D54: =D34*$C16/$B16 -> 0 | E54: =E34*$C16/$B16 -> 0 | F54: =F34*$C16/$B16 -> 0 | G54: =G34*$C16/$B16 -> 0 | H54: =H34*$C16/$B16 -> 0 | I54: =I34*$C16/$B16 -> 0 | ... BK54: =BK34*$C16/$B16 -> 0 | BM54: =BM34*$C16/$B16 -> 0
A55: F | B55: =B35*$C17/$B17 -> 0 | C55: =C35*$C17/$B17 -> 0 | D55: =D35*$C17/$B17 -> 0 | E55: =E35*$C17/$B17 -> 0 | F55: =F35*$C17/$B17 -> 0 | G55: =G35*$C17/$B17 -> 0 | H55: =H35*$C17/$B17 -> 0 | I55: =I35*$C17/$B17 -> 0 | ... BK55: =BK35*$C17/$B17 -> 0 | BM55: =BM35*$C17/$B17 -> 0
A56: Cl | B56: =B36*$C18/$B18 -> 0 | C56: =C36*$C18/$B18 -> 0 | D56: =D36*$C18/$B18 -> 0 | E56: =E36*$C18/$B18 -> 0 | F56: =F36*$C18/$B18 -> 0 | G56: =G36*$C18/$B18 -> 0 | H56: =H36*$C18/$B18 -> 0 | I56: =I36*$C18/$B18 -> 0 | ... BK56: =BK36*$C18/$B18 -> 0 | BM56: =BM36*$C18/$B18 -> 0
A57: Total | B57: =SUM(B42:B56) -> 1.7132867 | C57: =SUM(C42:C56) -> 1.7373191 | D57: =SUM(D42:D56) -> 1.7451225 | E57: =SUM(E42:E56) -> 1.7135931 | F57: =SUM(F42:F56) -> 1.7365425 | G57: =SUM(G42:G56) -> 1.7368527 | H57: =SUM(H42:H56) -> 1.7347433 | I57: =SUM(I42:I56) -> 1.7468488 | ... BK57: =SUM(BK42:BK56) -> 0 | BM57: =SUM(BM42:BM56) -> 1.7330386
A59: Charges
A60: Si | B60: =B42*$D4 -> 3.0918775 | C60: =C42*$D4 -> 3.0106525 | D60: =D42*$D4 -> 2.9946738 | E60: =E42*$D4 -> 2.9314248 | F60: =F42*$D4 -> 2.9926764 | G60: =G42*$D4 -> 2.9447403 | H60: =H42*$D4 -> 2.9933422 | I60: =I42*$D4 -> 3.017976 | ... BK60: =BK42*$D4 -> 0 | BM60: =BM42*$D4 -> 2.9971704
A61: Ti | B61: =B43*$D5 -> 0.022027534 | C61: =C43*$D5 -> 0.027534418 | D61: =D43*$D5 -> 0.02853567 | E61: =E43*$D5 -> 0.019524406 | F61: =F43*$D5 -> 0.031038798 | G61: =G43*$D5 -> 0.029036295 | H61: =H43*$D5 -> 0.030037547 | I61: =I43*$D5 -> 0.030538173 | ... BK61: =BK43*$D5 -> 0 | BM61: =BM43*$D5 -> 0.027284105
A62: Cr | B62: =B44*$D6 -> 0.0019738037 | C62: =C44*$D6 -> 0.0015790429 | D62: =D44*$D6 -> 0.0011842822 | E62: =E44*$D6 -> 0.0019738037 | F62: =F44*$D6 -> 0.0011842822 | G62: =G44*$D6 -> 0.00078952147 | H62: =H44*$D6 -> 0.0027633251 | I62: =I44*$D6 -> 0.0019738037 | ... BK62: =BK44*$D6 -> 0 | BM62: =BM44*$D6 -> 0.0016777331
A63: Al | B63: =B45*$D7 -> 0.56268393 | C63: =C45*$D7 -> 0.65979988 | D63: =D45*$D7 -> 0.69334903 | E63: =E45*$D7 -> 0.69040612 | F63: =F45*$D7 -> 0.67569158 | G63: =G45*$D7 -> 0.70100059 | H63: =H45*$D7 -> 0.67922307 | I63: =I45*$D7 -> 0.67333726 | ... BK63: =BK45*$D7 -> 0 | BM63: =BM45*$D7 -> 0.66693643
A64: Fe3+ | B64: =B46*3 -> 0.11507307 | C64: =C46*3 -> 0.11223382 | D64: =D46*3 -> 0.12108559 | E64: =E46*3 -> 0.12200418 | F64: =F46*3 -> 0.11607516 | G64: =G46*3 -> 0.1223382 | H64: =H46*3 -> 0.11256785 | I64: =I46*3 -> 0.11782881 | ... BK64: =BK46*3 -> 0 | BM64: =BM46*3 -> 0.11740084
A65: Fe | B65: =B47*$D8 -> 0.30686152 | C65: =C47*$D8 -> 0.29929019 | D65: =D47*$D8 -> 0.32289492 | E65: =E47*$D8 -> 0.32534447 | F65: =F47*$D8 -> 0.30953375 | G65: =G47*$D8 -> 0.32623521 | H65: =H47*$D8 -> 0.30018093 | I65: =I47*$D8 -> 0.31421016 | ... BK65: =BK47*$D8 -> 0 | BM65: =BM47*$D8 -> 0.31306889
A66: Mn | B66: =B48*$D9 -> 0.019171941 | C66: =C48*$D9 -> 0.023682986 | D66: =D48*$D9 -> 0.028475972 | E66: =E48*$D9 -> 0.031295375 | F66: =F48*$D9 -> 0.023964927 | G66: =G48*$D9 -> 0.023682986 | H66: =H48*$D9 -> 0.022837165 | I66: =I48*$D9 -> 0.023964927 | ... BK66: =BK48*$D9 -> 0 | BM66: =BM48*$D9 -> 0.024634535
A67: Ni | B67: =B49*$D10 -> 0.00080311179 | C67: =C49*$D10 -> 0 | D67: =D49*$D10 -> 0 | E67: =E49*$D10 -> 0.00080311179 | F67: =F49*$D10 -> 0 | G67: =G49*$D10 -> 0 | H67: =H49*$D10 -> 0 | I67: =I49*$D10 -> 0 | ... BK67: =BK49*$D10 -> 0 | BM67: =BM49*$D10 -> 0.00020077795
A68: Mg | B68: =B50*$D11 -> 0.61820888 | C68: =C50*$D11 -> 0.64500124 | D68: =D50*$D11 -> 0.59836269 | E68: =E50*$D11 -> 0.59439345 | F68: =F50*$D11 -> 0.60729348 | G68: =G50*$D11 -> 0.59141652 | H68: =H50*$D11 -> 0.6147358 | I68: =I50*$D11 -> 0.61622426 | ... BK68: =BK50*$D11 -> 0 | BM68: =BM50*$D11 -> 0.61070454
A69: Ca | B69: =B51*$D12 -> 0.37410842 | C69: =C51*$D12 -> 0.37553495 | D69: =D51*$D12 -> 0.37624822 | E69: =E51*$D12 -> 0.35663338 | F69: =F51*$D12 -> 0.38766049 | G69: =G51*$D12 -> 0.39015692 | H69: =H51*$D12 -> 0.39300999 | I69: =I51*$D12 -> 0.38552068 | ... BK69: =BK51*$D12 -> 0 | BM69: =BM51*$D12 -> 0.37985913
A70: Na | B70: =B52*$D13 -> 0.043561034 | C70: =C52*$D13 -> 0.045174405 | D70: =D52*$D13 -> 0.048723823 | E70: =E52*$D13 -> 0.044851731 | F70: =F52*$D13 -> 0.044851731 | G70: =G52*$D13 -> 0.047433126 | H70: =H52*$D13 -> 0.044206382 | I70: =I52*$D13 -> 0.04549708 | ... BK70: =BK52*$D13 -> 0 | BM70: =BM52*$D13 -> 0.045537414
A71: K | B71: =B53*$D14 -> 0.0050955414 | C71: =C53*$D14 -> 0.0029723992 | D71: =D53*$D14 -> 0.0057324841 | E71: =E53*$D14 -> 0.0053078556 | F71: =F53*$D14 -> 0.0072186837 | G71: =G53*$D14 -> 0.0055201699 | H71: =H53*$D14 -> 0.0044585987 | I71: =I53*$D14 -> 0.0048832272 | ... BK71: =BK53*$D14 -> 0 | BM71: =BM53*$D14 -> 0.00514862
A72: H | B72: =B54*$D15 -> 0 | C72: =C54*$D15 -> 0 | D72: =D54*$D15 -> 0 | E72: =E54*$D15 -> 0 | F72: =F54*$D15 -> 0 | G72: =G54*$D15 -> 0 | H72: =H54*$D15 -> 0 | I72: =I54*$D15 -> 0 | ... BK72: =BK54*$D15 -> 0 | BM72: =BM54*$D15 -> 0
A73: F | B73: =B55*$D16 -> 0 | C73: =C55*$D16 -> 0 | D73: =D55*$D16 -> 0 | E73: =E55*$D16 -> 0 | F73: =F55*$D16 -> 0 | G73: =G55*$D16 -> 0 | H73: =H55*$D16 -> 0 | I73: =I55*$D16 -> 0 | ... BK73: =BK55*$D16 -> 0 | BM73: =BM55*$D16 -> 0
A74: Cl | B74: =B56*$D17 -> 0 | C74: =C56*$D17 -> 0 | D74: =D56*$D17 -> 0 | E74: =E56*$D17 -> 0 | F74: =F56*$D17 -> 0 | G74: =G56*$D17 -> 0 | H74: =H56*$D17 -> 0 | I74: =I56*$D17 -> 0 | ... BK74: =BK56*$D17 -> 0 | BM74: =BM56*$D17 -> 0
A75: Total | B75: =SUM(B60:B74) -> 5.1614463 | C75: =SUM(C60:C74) -> 5.2034558 | D75: =SUM(D60:D74) -> 5.2192664 | E75: =SUM(E60:E74) -> 5.1239626 | F75: =SUM(F60:F74) -> 5.1971893 | G75: =SUM(G60:G74) -> 5.1823499 | H75: =SUM(H60:H74) -> 5.1973629 | I75: =SUM(I60:I74) -> 5.2319544 | ... BK75: =SUM(BK60:BK74) -> 0 | BM75: =SUM(BM60:BM74) -> 5.1896235
A78: Cations (Fe2+/Fe3+ fixed)
A79: Si | B79: =B42*46/B$75 -> 6.8888814 | C79: =C42*46/C$75 -> 6.6537518 | D79: =D42*46/D$75 -> 6.5983886 | E79: =E42*46/E$75 -> 6.5791629 | F79: =F42*46/F$75 -> 6.6219983 | G79: =G42*46/G$75 -> 6.5345866 | H79: =H42*46/H$75 -> 6.6232503 | I79: =I42*46/I$75 -> 6.633606 | ... BK79: =BK42*46/BK$75 -> #DIV/0! | BM79: =BM42*46/BM$75 -> 6.641611
A80: Ti | B80: =B43*46/B$75 -> 0.049078617 | C80: =C43*46/C$75 -> 0.060852983 | D80: =D43*46/D$75 -> 0.062874774 | E80: =E43*46/E$75 -> 0.043819731 | F80: =F43*46/F$75 -> 0.06868062 | G80: =G43*46/G$75 -> 0.064433588 | H80: =H43*46/H$75 -> 0.066462896 | I80: =I43*46/I$75 -> 0.067123862 | ... BK80: =BK43*46/BK$75 -> #DIV/0! | BM80: =BM43*46/BM$75 -> 0.060460496
A81: Cr | B81: =B44*46/B$75 -> 0.0058636646 | C81: =C44*46/C$75 -> 0.00465306 | D81: =D44*46/D$75 -> 0.0034792234 | E81: =E44*46/E$75 -> 0.0059065594 | F81: =F44*46/F$75 -> 0.0034940028 | G81: =G44*46/G$75 -> 0.0023360051 | H81: =H44*46/H$75 -> 0.0081524009 | I81: =I44*46/I$75 -> 0.0057846432 | ... BK81: =BK44*46/BK$75 -> #DIV/0! | BM81: =BM44*46/BM$75 -> 0.0049570535
A82: Al | B82: =B45*46/B$75 -> 1.6715897 | C82: =C45*46/C$75 -> 1.9442716 | D82: =D45*46/D$75 -> 2.0369437 | E82: =E45*46/E$75 -> 2.0660235 | F82: =F45*46/F$75 -> 1.9935014 | G82: =G45*46/G$75 -> 2.074093 | H82: =H45*46/H$75 -> 2.0038535 | I82: =I45*46/I$75 -> 1.9733552 | ... BK82: =BK45*46/BK$75 -> #DIV/0! | BM82: =BM45*46/BM$75 -> 1.9705396
A83: Fe3+ | B83: =B46*46/B$75 -> 0.34185258 | C83: =C46*46/C$75 -> 0.33072609 | D83: =D46*46/D$75 -> 0.35572926 | E83: =E46*46/E$75 -> 0.36509452 | F83: =F46*46/F$75 -> 0.342458 | G83: =G46*46/G$75 -> 0.36196948 | H83: =H46*46/H$75 -> 0.33209926 | I83: =I46*46/I$75 -> 0.3453219 | ... BK83: =BK46*46/BK$75 -> #DIV/0! | BM83: =BM46*46/BM$75 -> 0.34687413
A84: Fe2+ | B84: =B47*46/B$75 -> 1.3674103 | C84: =C47*46/C$75 -> 1.3229044 | D84: =D47*46/D$75 -> 1.422917 | E84: =E47*46/E$75 -> 1.4603781 | F84: =F47*46/F$75 -> 1.369832 | G84: =G47*46/G$75 -> 1.4478779 | H84: =H47*46/H$75 -> 1.328397 | I84: =I47*46/I$75 -> 1.3812876 | ... BK84: =BK47*46/BK$75 -> #DIV/0! | BM84: =BM47*46/BM$75 -> 1.3874965
A85: Mn | B85: =B48*46/B$75 -> 0.085432382 | C85: =C48*46/C$75 -> 0.1046821 | D85: =D48*46/D$75 -> 0.12548647 | E85: =E48*46/E$75 -> 0.14047597 | F85: =F48*46/F$75 -> 0.10605604 | G85: =G48*46/G$75 -> 0.10510843 | H85: =H48*46/H$75 -> 0.10106179 | I85: =I48*46/I$75 -> 0.10535132 | ... BK85: =BK48*46/BK$75 -> #DIV/0! | BM85: =BM48*46/BM$75 -> 0.10917831
A86: Ni | B86: =B49*46/B$75 -> 0.0035787588 | C86: =C49*46/C$75 -> 0 | D86: =D49*46/D$75 -> 0 | E86: =E49*46/E$75 -> 0.0036049387 | F86: =F49*46/F$75 -> 0 | G86: =G49*46/G$75 -> 0 | H86: =H49*46/H$75 -> 0 | I86: =I49*46/I$75 -> 0 | ... BK86: =BK49*46/BK$75 -> #DIV/0! | BM86: =BM49*46/BM$75 -> 0.00088983196
A87: Mg | B87: =B50*46/B$75 -> 2.7548101 | C87: =C50*46/C$75 -> 2.8509954 | D87: =D50*46/D$75 -> 2.6368345 | E87: =E50*46/E$75 -> 2.6680619 | F87: =F50*46/F$75 -> 2.6875584 | G87: =G50*46/G$75 -> 2.62479 | H87: =H50*46/H$75 -> 2.7204033 | I87: =I50*46/I$75 -> 2.7089605 | ... BK87: =BK50*46/BK$75 -> #DIV/0! | BM87: =BM50*46/BM$75 -> 2.7065941
A88: Ca | B88: =B51*46/B$75 -> 1.6670703 | C88: =C51*46/C$75 -> 1.6599168 | D88: =D51*46/D$75 -> 1.6580317 | E88: =E51*46/E$75 -> 1.6008251 | F88: =F51*46/F$75 -> 1.7155794 | G88: =G51*46/G$75 -> 1.7315715 | H88: =H51*46/H$75 -> 1.7391954 | I88: =I51*46/I$75 -> 1.6947731 | ... BK88: =BK51*46/BK$75 -> #DIV/0! | BM88: =BM51*46/BM$75 -> 1.6835056
A89: Na | B89: =B52*46/B$75 -> 0.38822598 | C89: =C52*46/C$75 -> 0.39935434 | D89: =D52*46/D$75 -> 0.42942737 | E89: =E52*46/E$75 -> 0.40265314 | F89: =F52*46/F$75 -> 0.39697989 | G89: =G52*46/G$75 -> 0.42102981 | H89: =H52*46/H$75 -> 0.39125488 | I89: =I52*46/I$75 -> 0.40001604 | ... BK89: =BK52*46/BK$75 -> #DIV/0! | BM89: =BM52*46/BM$75 -> 0.40363642
A90: K | B90: =B53*46/B$75 -> 0.045412641 | C90: =C53*46/C$75 -> 0.026276837 | D90: =D53*46/D$75 -> 0.050523243 | E90: =E53*46/E$75 -> 0.047650886 | F90: =F53*46/F$75 -> 0.063892121 | G90: =G53*46/G$75 -> 0.048998585 | H90: =H53*46/H$75 -> 0.039461463 | I90: =I53*46/I$75 -> 0.042933946 | ... BK90: =BK53*46/BK$75 -> #DIV/0! | BM90: =BM53*46/BM$75 -> 0.045636551
A91: H | B91: =2-B92-B93 -> 2 | C91: =2-C92-C93 -> 2 | D91: =2-D92-D93 -> 2 | E91: =2-E92-E93 -> 2 | F91: =2-F92-F93 -> 2 | G91: =2-G92-G93 -> 2 | H91: =2-H92-H93 -> 2 | I91: =2-I92-I93 -> 2 | ... BK91: =2-BK92-BK93 -> #DIV/0! | BM91: =2-BM92-BM93 -> 2
A92: F | B92: =B55*46/B$75 -> 0 | C92: =C55*46/C$75 -> 0 | D92: =D55*46/D$75 -> 0 | E92: =E55*46/E$75 -> 0 | F92: =F55*46/F$75 -> 0 | G92: =G55*46/G$75 -> 0 | H92: =H55*46/H$75 -> 0 | I92: =I55*46/I$75 -> 0 | ... BK92: =BK55*46/BK$75 -> #DIV/0! | BM92: =BM55*46/BM$75 -> 0
A93: Cl | B93: =B56*46/B$75 -> 0 | C93: =C56*46/C$75 -> 0 | D93: =D56*46/D$75 -> 0 | E93: =E56*46/E$75 -> 0 | F93: =F56*46/F$75 -> 0 | G93: =G56*46/G$75 -> 0 | H93: =H56*46/H$75 -> 0 | I93: =I56*46/I$75 -> 0 | ... BK93: =BK56*46/BK$75 -> #DIV/0! | BM93: =BM56*46/BM$75 -> 0
A94: Total | B94: =SUM(B79:B90) -> 15.269206 | C94: =SUM(C79:C90) -> 15.358385 | D94: =SUM(D79:D90) -> 15.380636 | E94: =SUM(E79:E90) -> 15.383657 | F94: =SUM(F79:F90) -> 15.37003 | G94: =SUM(G79:G90) -> 15.416795 | H94: =SUM(H79:H90) -> 15.353592 | I94: =SUM(I79:I90) -> 15.358514 | ... BK94: =SUM(BK79:BK90) -> #DIV/0! | BM94: =SUM(BM79:BM90) -> 15.36138
A96: Wt.% Recalculated
A98: SIO2 | B98: =(B79/B$94)*$B4*B$57/$C4 -> 46.44 | C98: =(C79/C$94)*$B4*C$57/$C4 -> 45.22 | D98: =(D79/D$94)*$B4*D$57/$C4 -> 44.98 | E98: =(E79/E$94)*$B4*E$57/$C4 -> 44.03 | F98: =(F79/F$94)*$B4*F$57/$C4 -> 44.95 | G98: =(G79/G$94)*$B4*G$57/$C4 -> 44.23 | H98: =(H79/H$94)*$B4*H$57/$C4 -> 44.96 | I98: =(I79/I$94)*$B4*I$57/$C4 -> 45.33 | ... BK98: =(BK79/BK$94)*$B4*BK$57/$C4 -> #DIV/0! | BM98: =(BM79/BM$94)*$B4*BM$57/$C4 -> 45.0175
A99: TIO2 | B99: =(B80/B$94)*$B5*B$57/$C5 -> 0.44 | C99: =(C80/C$94)*$B5*C$57/$C5 -> 0.55 | D99: =(D80/D$94)*$B5*D$57/$C5 -> 0.57 | E99: =(E80/E$94)*$B5*E$57/$C5 -> 0.39 | F99: =(F80/F$94)*$B5*F$57/$C5 -> 0.62 | G99: =(G80/G$94)*$B5*G$57/$C5 -> 0.58 | H99: =(H80/H$94)*$B5*H$57/$C5 -> 0.6 | I99: =(I80/I$94)*$B5*I$57/$C5 -> 0.61 | ... BK99: =(BK80/BK$94)*$B5*BK$57/$C5 -> #DIV/0! | BM99: =(BM80/BM$94)*$B5*BM$57/$C5 -> 0.545
A100: Cr2O3 | B100: =(B81/B$94)*$B6*B$57/$C6 -> 0.05 | C100: =(C81/C$94)*$B6*C$57/$C6 -> 0.04 | D100: =(D81/D$94)*$B6*D$57/$C6 -> 0.03 | E100: =(E81/E$94)*$B6*E$57/$C6 -> 0.05 | F100: =(F81/F$94)*$B6*F$57/$C6 -> 0.03 | G100: =(G81/G$94)*$B6*G$57/$C6 -> 0.02 | H100: =(H81/H$94)*$B6*H$57/$C6 -> 0.07 | I100: =(I81/I$94)*$B6*I$57/$C6 -> 0.05 | ... BK100: =(BK81/BK$94)*$B6*BK$57/$C6 -> #DIV/0! | BM100: =(BM81/BM$94)*$B6*BM$57/$C6 -> 0.0425
A101: AL2O3 | B101: =(B82/B$94)*$B7*B$57/$C7 -> 9.56 | C101: =(C82/C$94)*$B7*C$57/$C7 -> 11.21 | D101: =(D82/D$94)*$B7*D$57/$C7 -> 11.78 | E101: =(E82/E$94)*$B7*E$57/$C7 -> 11.73 | F101: =(F82/F$94)*$B7*F$57/$C7 -> 11.48 | G101: =(G82/G$94)*$B7*G$57/$C7 -> 11.91 | H101: =(H82/H$94)*$B7*H$57/$C7 -> 11.54 | I101: =(I82/I$94)*$B7*I$57/$C7 -> 11.44 | ... BK101: =(BK82/BK$94)*$B7*BK$57/$C7 -> #DIV/0! | BM101: =(BM82/BM$94)*$B7*BM$57/$C7 -> 11.33125
A102: Fe2O3 | B102: =(B83/B$94)*$B15*B$57/$C15 -> 3.0626889 | C102: =(C83/C$94)*$B15*C$57/$C15 -> 2.9871218 | D102: =(D83/D$94)*$B15*D$57/$C15 -> 3.2227133 | E102: =(E83/E$94)*$B15*E$57/$C15 -> 3.2471615 | F102: =(F83/F$94)*$B15*F$57/$C15 -> 3.0893596 | G102: =(G83/G$94)*$B15*G$57/$C15 -> 3.2560517 | H102: =(H83/H$94)*$B15*H$57/$C15 -> 2.9960121 | I102: =(I83/I$94)*$B15*I$57/$C15 -> 3.1360334 | ... BK102: =(BK83/BK$94)*$B15*BK$57/$C15 -> #DIV/0! | BM102: =(BM83/BM$94)*$B15*BM$57/$C15 -> 3.1246428
A103: FEO | B103: =(B84/B$94)*$B8*B$57/$C8 -> 11.024 | C103: =(C84/C$94)*$B8*C$57/$C8 -> 10.752 | D103: =(D84/D$94)*$B8*D$57/$C8 -> 11.6 | E103: =(E84/E$94)*$B8*E$57/$C8 -> 11.688 | F103: =(F84/F$94)*$B8*F$57/$C8 -> 11.12 | G103: =(G84/G$94)*$B8*G$57/$C8 -> 11.72 | H103: =(H84/H$94)*$B8*H$57/$C8 -> 10.784 | I103: =(I84/I$94)*$B8*I$57/$C8 -> 11.288 | ... BK103: =(BK84/BK$94)*$B8*BK$57/$C8 -> #DIV/0! | BM103: =(BM84/BM$94)*$B8*BM$57/$C8 -> 11.247
A104: MNO | B104: =(B85/B$94)*$B9*B$57/$C9 -> 0.68 | C104: =(C85/C$94)*$B9*C$57/$C9 -> 0.84 | D104: =(D85/D$94)*$B9*D$57/$C9 -> 1.01 | E104: =(E85/E$94)*$B9*E$57/$C9 -> 1.11 | F104: =(F85/F$94)*$B9*F$57/$C9 -> 0.85 | G104: =(G85/G$94)*$B9*G$57/$C9 -> 0.84 | H104: =(H85/H$94)*$B9*H$57/$C9 -> 0.81 | I104: =(I85/I$94)*$B9*I$57/$C9 -> 0.85 | ... BK104: =(BK85/BK$94)*$B9*BK$57/$C9 -> #DIV/0! | BM104: =(BM85/BM$94)*$B9*BM$57/$C9 -> 0.87375
A105: NiO | B105: =(B86/B$94)*$B10*B$57/$C10 -> 0.03 | C105: =(C86/C$94)*$B10*C$57/$C10 -> 0 | D105: =(D86/D$94)*$B10*D$57/$C10 -> 0 | E105: =(E86/E$94)*$B10*E$57/$C10 -> 0.03 | F105: =(F86/F$94)*$B10*F$57/$C10 -> 0 | G105: =(G86/G$94)*$B10*G$57/$C10 -> 0 | H105: =(H86/H$94)*$B10*H$57/$C10 -> 0 | I105: =(I86/I$94)*$B10*I$57/$C10 -> 0 | ... BK105: =(BK86/BK$94)*$B10*BK$57/$C10 -> #DIV/0! | BM105: =(BM86/BM$94)*$B10*BM$57/$C10 -> 0.0075
A106: MGO | B106: =(B87/B$94)*$B11*B$57/$C11 -> 12.46 | C106: =(C87/C$94)*$B11*C$57/$C11 -> 13 | D106: =(D87/D$94)*$B11*D$57/$C11 -> 12.06 | E106: =(E87/E$94)*$B11*E$57/$C11 -> 11.98 | F106: =(F87/F$94)*$B11*F$57/$C11 -> 12.24 | G106: =(G87/G$94)*$B11*G$57/$C11 -> 11.92 | H106: =(H87/H$94)*$B11*H$57/$C11 -> 12.39 | I106: =(I87/I$94)*$B11*I$57/$C11 -> 12.42 | ... BK106: =(BK87/BK$94)*$B11*BK$57/$C11 -> #DIV/0! | BM106: =(BM87/BM$94)*$B11*BM$57/$C11 -> 12.30875
A107: CAO | B107: =(B88/B$94)*$B12*B$57/$C12 -> 10.49 | C107: =(C88/C$94)*$B12*C$57/$C12 -> 10.53 | D107: =(D88/D$94)*$B12*D$57/$C12 -> 10.55 | E107: =(E88/E$94)*$B12*E$57/$C12 -> 10 | F107: =(F88/F$94)*$B12*F$57/$C12 -> 10.87 | G107: =(G88/G$94)*$B12*G$57/$C12 -> 10.94 | H107: =(H88/H$94)*$B12*H$57/$C12 -> 11.02 | I107: =(I88/I$94)*$B12*I$57/$C12 -> 10.81 | ... BK107: =(BK88/BK$94)*$B12*BK$57/$C12 -> #DIV/0! | BM107: =(BM88/BM$94)*$B12*BM$57/$C12 -> 10.65125
A108: NA2O | B108: =(B89/B$94)*$B13*B$57/$C13 -> 1.35 | C108: =(C89/C$94)*$B13*C$57/$C13 -> 1.4 | D108: =(D89/D$94)*$B13*D$57/$C13 -> 1.51 | E108: =(E89/E$94)*$B13*E$57/$C13 -> 1.39 | F108: =(F89/F$94)*$B13*F$57/$C13 -> 1.39 | G108: =(G89/G$94)*$B13*G$57/$C13 -> 1.47 | H108: =(H89/H$94)*$B13*H$57/$C13 -> 1.37 | I108: =(I89/I$94)*$B13*I$57/$C13 -> 1.41 | ... BK108: =(BK89/BK$94)*$B13*BK$57/$C13 -> #DIV/0! | BM108: =(BM89/BM$94)*$B13*BM$57/$C13 -> 1.41125
A109: K2O | B109: =(B90/B$94)*$B14*B$57/$C14 -> 0.24 | C109: =(C90/C$94)*$B14*C$57/$C14 -> 0.14 | D109: =(D90/D$94)*$B14*D$57/$C14 -> 0.27 | E109: =(E90/E$94)*$B14*E$57/$C14 -> 0.25 | F109: =(F90/F$94)*$B14*F$57/$C14 -> 0.34 | G109: =(G90/G$94)*$B14*G$57/$C14 -> 0.26 | H109: =(H90/H$94)*$B14*H$57/$C14 -> 0.21 | I109: =(I90/I$94)*$B14*I$57/$C14 -> 0.23 | ... BK109: =(BK90/BK$94)*$B14*BK$57/$C14 -> #DIV/0! | BM109: =(BM90/BM$94)*$B14*BM$57/$C14 -> 0.2425
A110: H2O | B110: =(B91/B$94)*$B16*B$57/$C16 -> 2.0214176 | C110: =(C91/C$94)*$B16*C$57/$C16 -> 2.0378701 | D110: =(D91/D$94)*$B16*D$57/$C16 -> 2.0440622 | E110: =(E91/E$94)*$B16*E$57/$C16 -> 2.0067376 | F110: =(F91/F$94)*$B16*F$57/$C16 -> 2.0354159 | G110: =(G91/G$94)*$B16*G$57/$C16 -> 2.0296042 | H110: =(H91/H$94)*$B16*H$57/$C16 -> 2.0354839 | I110: =(I91/I$94)*$B16*I$57/$C16 -> 2.0490313 | ... BK110: =(BK91/BK$94)*$B16*BK$57/$C16 -> #DIV/0! | BM110: =(BM91/BM$94)*$B16*BM$57/$C16 -> 2.0324528
A111: F | B111: =(B92/B$94)*$B17*B$57/$C17 -> 0 | C111: =(C92/C$94)*$B17*C$57/$C17 -> 0 | D111: =(D92/D$94)*$B17*D$57/$C17 -> 0 | E111: =(E92/E$94)*$B17*E$57/$C17 -> 0 | F111: =(F92/F$94)*$B17*F$57/$C17 -> 0 | G111: =(G92/G$94)*$B17*G$57/$C17 -> 0 | H111: =(H92/H$94)*$B17*H$57/$C17 -> 0 | I111: =(I92/I$94)*$B17*I$57/$C17 -> 0 | ... BK111: =(BK92/BK$94)*$B17*BK$57/$C17 -> #DIV/0! | BM111: =(BM92/BM$94)*$B17*BM$57/$C17 -> 0
A112: Cl | B112: =(B93/B$94)*$B18*B$57/$C18 -> 0 | C112: =(C93/C$94)*$B18*C$57/$C18 -> 0 | D112: =(D93/D$94)*$B18*D$57/$C18 -> 0 | E112: =(E93/E$94)*$B18*E$57/$C18 -> 0 | F112: =(F93/F$94)*$B18*F$57/$C18 -> 0 | G112: =(G93/G$94)*$B18*G$57/$C18 -> 0 | H112: =(H93/H$94)*$B18*H$57/$C18 -> 0 | I112: =(I93/I$94)*$B18*I$57/$C18 -> 0 | ... BK112: =(BK93/BK$94)*$B18*BK$57/$C18 -> #DIV/0! | BM112: =(BM93/BM$94)*$B18*BM$57/$C18 -> 0
A113: Total | B113: =SUM(B98:B112) -> 97.848107 | C113: =SUM(C98:C112) -> 98.706992 | D113: =SUM(D98:D112) -> 99.626775 | E113: =SUM(E98:E112) -> 97.901899 | F113: =SUM(F98:F112) -> 99.014776 | G113: =SUM(G98:G112) -> 99.175656 | H113: =SUM(H98:H112) -> 98.785496 | I113: =SUM(I98:I112) -> 99.623065 | ... BK113: =SUM(BK98:BK112) -> #DIV/0! | BM113: =SUM(BM98:BM112) -> 98.835346
A114: F,Cl=O | B114: =B111*0.4211+B112*0.2256 -> 0 | C114: =C111*0.4211+C112*0.2256 -> 0 | D114: =D111*0.4211+D112*0.2256 -> 0 | E114: =E111*0.4211+E112*0.2256 -> 0 | F114: =F111*0.4211+F112*0.2256 -> 0 | G114: =G111*0.4211+G112*0.2256 -> 0 | H114: =H111*0.4211+H112*0.2256 -> 0 | I114: =I111*0.4211+I112*0.2256 -> 0 | ... BK114: =BK111*0.4211+BK112*0.2256 -> #DIV/0! | BM114: =BM111*0.4211+BM112*0.2256 -> 0
...

Sheet AN
B1: Amphibole Names
A3: 3 | B3: Mg-Anth/Cumm
A4: 4 | B4: Anth/Cumm
A5: 5 | B5: Ferro-Anth/Grunerite
A6: 6 | B6: Mg-Gedrite/Cumm
A7: 7 | B7: Gedrite/Cumm
A8: 8 | B8: Ferro-Gedrite/Cumm
A9: 9 | B9: Kaersutite
A10: 10 | B10: Ferro-Kaersutite
A11: 11 | B11: Tremolite
A12: 12 | B12: Actinolite
A13: 13 | B13: Ferro-Actinolite
A14: 14 | B14: Tremolitic Hbl
... A65: 65 | B65: Riebeckite

Sheet pu378 amp
A1: Sample | B1: pu397 amp1 | C1: pu397 amp2 | D1: pu397 amp3 | E1: pu397 amp4 | F1: pu397 amp5 | G1: pu397 amph6
A3: SiO2 | B3: 41.398 | C3: 40.155 | D3: 41.291 | E3: 42.217 | F3: 42.324 | G3: 42.97
A4: TiO2 | B4: 2.168 | C4: 2.569 | D4: 2.257 | E4: 2.063 | F4: 2.012 | G4: 2.233
A5: Cr2O3 | B5: 0.012 | C5: 0.012 | D5: 0.022 | E5: 0.023 | F5: 0 | G5: 0.025
A6: Al2O3 | B6: 14.983 | C6: 14.857 | D6: 14.056 | E6: 13.572 | F6: 13.952 | G6: 14.995
A7: FeO | B7: 8.129 | C7: 8.995 | D7: 7.764 | E7: 7.517 | F7: 7.669 | G7: 7.46
A8: MnO | B8: 0.046 | C8: 0.04 | D8: 0.017 | E8: 0.037 | F8: 0.127 | G8: 0.07
A9: NiO | B9: 0 | C9: 0 | D9: 0 | E9: 0 | F9: 0 | G9: 0
A10: MgO | B10: 15.059 | C10: 14.205 | D10: 15.976 | E10: 15.644 | F10: 15.639 | G10: 15.208
A11: CaO | B11: 10.791 | C11: 11.062 | D11: 10.499 | E11: 10.555 | F11: 10.453 | G11: 10.291
A12: Na2O | B12: 2.638 | C12: 2.561 | D12: 2.809 | E12: 2.676 | F12: 2.624 | G12: 2.569
A13: K2O | B13: 2.001 | C13: 1.855 | D13: 2 | E13: 2.149 | F13: 2.215 | G13: 2.257
B14: =SUM(B3:B13) -> 97.225 | C14: =SUM(C3:C13) -> 96.311 | D14: =SUM(D3:D13) -> 96.691 | E14: =SUM(E3:E13) -> 96.453 | F14: =SUM(F3:F13) -> 97.015 | G14: =SUM(G3:G13) -> 98.078

Sheet pu380 amp
B1: pu380 | C1: pu380 | D1: pu380 | E1: pu380 | F1: pu380 | G1: pu380 | H1: pu380 | I1: pu380
B2: amph | C2: amph | D2: amph | E2: amph | F2: amph | G2: amph | H2: amph | I2: amph
A3: SiO2 | B3: 41.193 | C3: 40.161 | D3: 41.68 | E3: 40.906 | F3: 40.384 | G3: 42.213 | H3: 40.84 | I3: 41.053
A4: TiO2 | B4: 3.623 | C4: 3.546 | D4: 3.071 | E4: 3.826 | F4: 3.806 | G4: 2.926 | H4: 3.463 | I4: 3.54
A5: Cr2O3 | B5: 0.047 | C5: 0.039 | D5: 0.08 | E5: 0.029 | F5: 0.025 | G5: 0 | H5: 0.072 | I5: 0.212
A6: Al2O3 | B6: 14.562 | C6: 14.477 | D6: 13.512 | E6: 14.615 | F6: 14.324 | G6: 13.415 | H6: 14.602 | I6: 14.713
A7: FeO | B7: 9.08 | C7: 9.043 | D7: 9.632 | E7: 9.131 | F7: 9.416 | G7: 9.637 | H7: 9.158 | I7: 9.234
A8: MnO | B8: 0.093 | C8: 0.103 | D8: 0.099 | E8: 0.084 | F8: 0.186 | G8: 0.137 | H8: 0.133 | I8: 0.195
A9: NiO | B9: 0 | C9: 0.025 | D9: 0.136 | E9: 0.12 | F9: 0.039 | G9: 0.104 | H9: 0 | I9: 0.018
A10: MgO | B10: 14.404 | C10: 14.372 | D10: 14.613 | E10: 14.442 | F10: 14.014 | G10: 14.827 | H10: 14.512 | I10: 14.548
A11: CaO | B11: 11.353 | C11: 11.568 | D11: 10.968 | E11: 11.445 | F11: 11.487 | G11: 11.014 | H11: 11.366 | I11: 11.325
A12: Na2O | B12: 2.568 | C12: 2.521 | D12: 2.554 | E12: 2.584 | F12: 2.445 | G12: 2.568 | H12: 2.531 | I12: 2.529
A13: K2O | B13: 1.371 | C13: 1.436 | D13: 1.598 | E13: 1.312 | F13: 1.366 | G13: 1.571 | H13: 1.403 | I13: 1.431
A14: H2O | B14: 0 | C14: 0 | D14: 0 | E14: 0 | F14: 0 | G14: 0 | H14: 0 | I14: 0
... A16: Cl | B16: 0 | C16: 0 | D16: 0 | E16: 0 | F16: 0 | G16: 0 | H16: 0 | I16: 0
B17: =SUM(B3:B13) -> 98.294 | C17: =SUM(C3:C13) -> 97.291 | D17: =SUM(D3:D13) -> 97.943 | E17: =SUM(E3:E13) -> 98.494 | F17: =SUM(F3:F13) -> 97.492 | G17: =SUM(G3:G13) -> 98.412 | H17: =SUM(H3:H13) -> 98.08 | I17: =SUM(I3:I13) -> 98.798
