Workbook

Sheet Input
B1: 2 / 1 . | C1: 3 / 1 . | D1: 9 / 1 . | E1: 10 / 1 . | F1: 11 / 1 . | G1: 12 / 1 . | H1: 13 / 1 . | I1: 14 / 1 . | J1: 21 / 1 . | K1: 22 / 1 . | L1: 23 / 1 . | M1: 24 / 1 . | N1: 25 / 1 . | O1: 21 / 1 . | P1: 22 / 1 . | Q1: 23 / 1 . | R1: 24 / 1 . | S1: 25 / 1 . | T1: 36 / 1 . | U1: 37 / 1 . | V1: 38 / 1 . | W1: 39 / 1 .
B2: YG182_1_Gt | C2: YG182_1_Gt | D2: YG182_1_GtC | E2: YG182_1_GtB | F2: YG182_1_GtC | G2: YG182_1_GtB | H2: YG182_2_GtC | I2: YG182_2_GtB | J2: YG182_2_GrtC | K2: YG182_2_GrtB | L2: YG182_2_GrtC | M2: YG182_2_GrtB | N2: YG182_2_GrtB | O2: YG182_2_GrtC | P2: YG182_2_GrtB | Q2: YG182_2_GrtC | R2: YG182_2_GrtB | S2: YG182_2_GrtB | T2: YG182_1_GtC | U2: YG182_1_GtB | V2: YG182_1_GtC | W2: YG182_1_GtB
A3: SiO2 | B3: 36.86 | C3: 37.56 | D3: 37.23 | E3: 37.65 | F3: 36.76 | G3: 37.67 | H3: 36.83 | I3: 37.11 | J3: 37.19 | K3: 37.46 | L3: 37.2 | M3: 37.35 | N3: 36.84 | O3: 37.19 | P3: 37.46 | Q3: 37.2 | R3: 37.35 | S3: 36.84 | T3: 37.09 | U3: 36.91 | V3: 37.23 | W3: 37.63
A4: TiO2 | B4: 0.28 | C4: 0.06 | D4: 0.22 | E4: 0.07 | F4: 0.31 | G4: 0.13 | H4: 0.11 | I4: 0.06 | J4: 0.08 | K4: 0.11 | L4: 0.06 | M4: 0.06 | N4: 0.55 | O4: 0.08 | P4: 0.11 | Q4: 0.06 | R4: 0.06 | S4: 0.55 | T4: 0.2 | U4: 0.09 | V4: 0.55 | W4: 0.05
A5: Cr2O3 | B5: 0 | C5: 0.01 | D5: 0.01 | E5: 0 | F5: 0 | G5: 0.01 | H5: 0 | I5: 0 | J5: 0.02 | K5: 0.02 | L5: 0 | M5: 0 | N5: 0.01 | O5: 0.02 | P5: 0.02 | Q5: 0 | R5: 0 | S5: 0.01 | T5: 0 | U5: 0.03 | V5: 0 | W5: 0.03
A6: Al2O3 | B6: 20.19 | C6: 21.12 | D6: 20.18 | E6: 20.98 | F6: 20 | G6: 21.1 | H6: 20.52 | I6: 20.42 | J6: 20.8 | K6: 20.82 | L6: 20.51 | M6: 20.83 | N6: 19.45 | O6: 20.8 | P6: 20.82 | Q6: 20.51 | R6: 20.83 | S6: 19.45 | T6: 20.02 | U6: 20.2 | V6: 20.02 | W6: 20.64
A7: FeO | B7: 20.36 | C7: 23.26 | D7: 19.66 | E7: 20.36 | F7: 8.88 | G7: 20.46 | H7: 19.65 | I7: 18.24 | J7: 18.39 | K7: 21.68 | L7: 17.55 | M7: 21.47 | N7: 19.16 | O7: 18.39 | P7: 21.68 | Q7: 17.55 | R7: 21.47 | S7: 19.16 | T7: 20.97 | U7: 17.66 | V7: 21.75 | W7: 21.38
A8: MnO | B8: 16.95 | C8: 12.57 | D8: 18.56 | E8: 16.64 | F8: 30.15 | G8: 15.01 | H8: 19.07 | I8: 20.02 | J8: 20.08 | K8: 13.58 | L8: 21.19 | M8: 13.71 | N8: 20.34 | O8: 20.08 | P8: 13.58 | Q8: 21.19 | R8: 13.71 | S8: 20.34 | T8: 16.42 | U8: 19.97 | V8: 15.13 | W8: 14.99
A9: NiO
A10: MgO | B10: 3.72 | C10: 4.49 | D10: 3.36 | E10: 3.99 | F10: 2.73 | G10: 4.03 | H10: 3.15 | I10: 3.33 | J10: 3.19 | K10: 4.23 | L10: 3.08 | M10: 4.26 | N10: 3.19 | O10: 3.19 | P10: 4.23 | Q10: 3.08 | R10: 4.26 | S10: 3.19 | T10: 3.99 | U10: 3.57 | V10: 4.02 | W10: 4.29
A11: CaO | B11: 1.37 | C11: 1.83 | D11: 1.21 | E11: 1.12 | F11: 1.17 | G11: 2.27 | H11: 1.3 | I11: 1.02 | J11: 1.14 | K11: 2.27 | L11: 1.13 | M11: 1.88 | N11: 1.01 | O11: 1.14 | P11: 2.27 | Q11: 1.13 | R11: 1.88 | S11: 1.01 | T11: 1.27 | U11: 1.25 | V11: 1.54 | W11: 1.25
A12: Na2O | B12: 0.04 | C12: 0 | D12: 0.04 | E12: 0.04 | F12: 0 | G12: 0.03 | H12: 0 | I12: 0.05 | J12: 0.03 | K12: 0.04 | L12: 0.03 | M12: 0.02 | N12: 0.03 | O12: 0.03 | P12: 0.04 | Q12: 0.03 | R12: 0.02 | S12: 0.03 | T12: 0.02 | U12: 0.05 | V12: 0 | W12: 0.05
A13: K2O | B13: 0.03 | C13: 0 | D13: 0 | E13: 0 | F13: 0 | G13: 0 | H13: 0.01 | I13: 0.01 | J13: 0 | K13: 0 | L13: 0.01 | M13: 0 | N13: 0 | O13: 0 | P13: 0 | Q13: 0.01 | R13: 0 | S13: 0 | T13: 0 | U13: 0 | V13: 0.01 | W13: 0
A14: =B39 -> Add ox | B14: 0 | C14: 0 | D14: 0 | E14: 0 | F14: 0 | G14: 0 | H14: 0 | I14: 0 | J14: 0 | K14: 0 | L14: 0 | M14: 0 | N14: 0 | O14: 0 | P14: 0 | Q14: 0 | R14: 0 | S14: 0 | T14: 0 | U14: 0 | V14: 0 | W14: 0
A15: H2O | B15: 0 | C15: 0 | D15: 0 | E15: 0 | F15: 0 | G15: 0 | H15: 0 | I15: 0 | J15: 0 | K15: 0 | L15: 0 | M15: 0 | N15: 0 | O15: 0 | P15: 0 | Q15: 0 | R15: 0 | S15: 0 | T15: 0 | U15: 0 | V15: 0 | W15: 0
A16: F | B16: 0 | C16: 0 | D16: 0 | E16: 0 | F16: 0 | G16: 0 | H16: 0 | I16: 0 | J16: 0 | K16: 0 | L16: 0 | M16: 0 | N16: 0 | O16: 0 | P16: 0 | Q16: 0 | R16: 0 | S16: 0 | T16: 0 | U16: 0 | V16: 0 | W16: 0
A17: Cl | B17: 0 | C17: 0 | D17: 0 | E17: 0 | F17: 0 | G17: 0 | H17: 0 | I17: 0 | J17: 0 | K17: 0 | L17: 0 | M17: 0 | N17: 0 | O17: 0 | P17: 0 | Q17: 0 | R17: 0 | S17: 0 | T17: 0 | U17: 0 | V17: 0 | W17: 0
A18: Total | B18: =SUM(B3:B17) -> 99.8 | C18: =SUM(C3:C17) -> 100.9 | D18: =SUM(D3:D17) -> 100.47 | E18: =SUM(E3:E17) -> 100.85 | F18: =SUM(F3:F17) -> 100 | G18: =SUM(G3:G17) -> 100.71 | H18: =SUM(H3:H17) -> 100.64 | I18: =SUM(I3:I17) -> 100.26 | ... W18: =SUM(W3:W17) -> 100.31
F20: Biotite | G20: Muscovite | H20: Liquids
A21: Number OXYGENS | B21: 12 | D21: Total charges/2 | F21: 11 | G21: 11 | H21: 100 | J21: NB: number of oxygens = total number of oxygens including oxygens from OH
A25: Fe3+/Fetot | B25: 0 | F25: 0 | G25: 0 | H25: 0
A29: Number OH-sites | B29: 0 | F29: 2 | G29: 2 | H29: 0
A36: Additional Element (for HFSE-partitioning runs)
A38: Element | B38: Formula | C38: Ox weight | D38: Cat mult | E38: charge
A39: Add El | B39: Add ox | C39: 441.893 | D39: 2 | E39: 5
C43: Form wt. | D43: #Cat | E43: *Ox | F43: #Ox | G43: El. Weight | H43: Oxygen
A44: Y | B44: Y2O3 | C44: =D44*G44+F44*H44 -> 225.8082 | D44: 2 | E44: 3 | F44: 3 | G44: 88.905 | H44: 15.9994
A45: Sc | B45: Sc2O3 | C45: =D45*G45+F45*H45 -> 137.9102 | D45: 2 | E45: 3 | F45: 3 | G45: 44.956 | H45: 15.9994
A46: V | B46: V2O5 | C46: =D46*G46+F46*H46 -> 181.881 | D46: 2 | E46: 5 | F46: 5 | G46: 50.942 | H46: 15.9994
A47: P | B47: P2O5 | C47: =D47*G47+F47*H47 -> 141.9446 | D47: 2 | E47: 5 | F47: 5 | G47: 30.9738 | H47: 15.9994
A48: Zr | B48: ZrO2 | C48: =D48*G48+F48*H48 -> 123.2188 | D48: 1 | E48: 4 | F48: 2 | G48: 91.22 | H48: 15.9994
A49: Nb | B49: Nb2O5 | C49: =D49*G49+E49*H49 -> 265.809 | D49: 2 | E49: 5 | F49: 2 | G49: 92.906 | H49: 15.9994
A50: Hf | B50: HfO2 | C50: =D50*G50+E50*H50 -> 210.4888 | D50: 1 | E50: 2 | F50: 2 | G50: 178.49 | H50: 15.9994
A51: Ta | B51: Ta2O5 | C51: =D51*G51+E51*H51 -> 441.893 | D51: 2 | E51: 5 | F51: 5 | G51: 180.948 | H51: 15.9994

Sheet General oxygen
A1: General Oxygen NORM (number oxygens and OH-sites given in Input)
B3: Ox weight | C3: Cat mult | D3: charge | F3: #Oxygens | G3: =Input!B21 -> 12
A4: SiO2 | B4: 60.08 | C4: 1 | D4: 4 | F4: Fe3+/Fetot | G4: =Input!B25 -> 0
A5: TiO2 | B5: 79.9 | C5: 1 | D5: 4 | F5: #OH-sites | G5: =Input!B29 -> 0
A6: Cr2O3 | B6: 151.9908 | C6: 2 | D6: 3
A7: Al2O3 | B7: 101.94 | C7: 2 | D7: 3
A8: FeO | B8: 71.85 | C8: 1 | D8: 2
A9: MnO | B9: 70.937 | C9: 1 | D9: 2
A10: NiO | B10: 74.7094 | C10: 1 | D10: 2
A11: MgO | B11: 40.31 | C11: 1 | D11: 2
A12: CaO | B12: 56.08 | C12: 1 | D12: 2
A13: Na2O | B13: 61.982 | C13: 2 | D13: 1
A14: K2O | B14: 94.2 | C14: 2 | D14: 1
A15: Fe2O3 | B15: 159.691 | C15: 2 | D15: 3
A16: =Input!B39 -> Add ox | B16: =Input!C39 -> 441.893 | C16: =Input!D39 -> 2 | D16: =Input!E39 -> 5
A17: H2O | B17: 18.01534 | C17: 2 | D17: 0
A18: F | B18: 18.9984 | C18: 1 | D18: 0
A19: Cl | B19: 35.453 | C19: 1 | D19: 0
A22: Input | B22: =Input!B1 -> 2 / 1 . | C22: =Input!C1 -> 3 / 1 . | D22: =Input!D1 -> 9 / 1 . | E22: =Input!E1 -> 10 / 1 . | F22: =Input!F1 -> 11 / 1 . | G22: =Input!G1 -> 12 / 1 . | H22: =Input!H1 -> 13 / 1 . | I22: =Input!I1 -> 14 / 1 . | ... AD22: =Input!AD1 -> 0
B23: =Input!B2 -> YG182_1_Gt | C23: =Input!C2 -> YG182_1_Gt | D23: =Input!D2 -> YG182_1_GtC | E23: =Input!E2 -> YG182_1_GtB | F23: =Input!F2 -> YG182_1_GtC | G23: =Input!G2 -> YG182_1_GtB | H23: =Input!H2 -> YG182_2_GtC | I23: =Input!I2 -> YG182_2_GtB | ... AD23: =Input!AD2 -> 0
A24: SiO2 | B24: =Input!B3 -> 36.86 | C24: =Input!C3 -> 37.56 | D24: =Input!D3 -> 37.23 | E24: =Input!E3 -> 37.65 | F24: =Input!F3 -> 36.76 | G24: =Input!G3 -> 37.67 | H24: =Input!H3 -> 36.83 | I24: =Input!I3 -> 37.11 | ... AD24: =Input!AD3 -> 0
A25: TiO2 | B25: =Input!B4 -> 0.28 | C25: =Input!C4 -> 0.06 | D25: =Input!D4 -> 0.22 | E25: =Input!E4 -> 0.07 | F25: =Input!F4 -> 0.31 | G25: =Input!G4 -> 0.13 | H25: =Input!H4 -> 0.11 | I25: =Input!I4 -> 0.06 | ... AD25: =Input!AD4 -> 0
A26: Cr2O3 | B26: =Input!B5 -> 0 | C26: =Input!C5 -> 0.01 | D26: =Input!D5 -> 0.01 | E26: =Input!E5 -> 0 | F26: =Input!F5 -> 0 | G26: =Input!G5 -> 0.01 | H26: =Input!H5 -> 0 | I26: =Input!I5 -> 0 | ... AD26: =Input!AD5 -> 0
A27: Al2O3 | B27: =Input!B6 -> 20.19 | C27: =Input!C6 -> 21.12 | D27: =Input!D6 -> 20.18 | E27: =Input!E6 -> 20.98 | F27: =Input!F6 -> 20 | G27: =Input!G6 -> 21.1 | H27: =Input!H6 -> 20.52 | I27: =Input!I6 -> 20.42 | ... AD27: =Input!AD6 -> 0
A28: FeO | B28: =Input!B7 -> 20.36 | C28: =Input!C7 -> 23.26 | D28: =Input!D7 -> 19.66 | E28: =Input!E7 -> 20.36 | F28: =Input!F7 -> 8.88 | G28: =Input!G7 -> 20.46 | H28: =Input!H7 -> 19.65 | I28: =Input!I7 -> 18.24 | ... AD28: =Input!AD7 -> 0
A29: MnO | B29: =Input!B8 -> 16.95 | C29: =Input!C8 -> 12.57 | D29: =Input!D8 -> 18.56 | E29: =Input!E8 -> 16.64 | F29: =Input!F8 -> 30.15 | G29: =Input!G8 -> 15.01 | H29: =Input!H8 -> 19.07 | I29: =Input!I8 -> 20.02 | ... AD29: =Input!AD8 -> 0
A30: NiO | B30: =Input!B9 -> 0 | C30: =Input!C9 -> 0 | D30: =Input!D9 -> 0 | E30: =Input!E9 -> 0 | F30: =Input!F9 -> 0 | G30: =Input!G9 -> 0 | H30: =Input!H9 -> 0 | I30: =Input!I9 -> 0 | ... AD30: =Input!AD9 -> 0
A31: MgO | B31: =Input!B10 -> 3.72 | C31: =Input!C10 -> 4.49 | D31: =Input!D10 -> 3.36 | E31: =Input!E10 -> 3.99 | F31: =Input!F10 -> 2.73 | G31: =Input!G10 -> 4.03 | H31: =Input!H10 -> 3.15 | I31: =Input!I10 -> 3.33 | ... AD31: =Input!AD10 -> 0
A32: CaO | B32: =Input!B11 -> 1.37 | C32: =Input!C11 -> 1.83 | D32: =Input!D11 -> 1.21 | E32: =Input!E11 -> 1.12 | F32: =Input!F11 -> 1.17 | G32: =Input!G11 -> 2.27 | H32: =Input!H11 -> 1.3 | I32: =Input!I11 -> 1.02 | ... AD32: =Input!AD11 -> 0
A33: Na2O | B33: =Input!B12 -> 0.04 | C33: =Input!C12 -> 0 | D33: =Input!D12 -> 0.04 | E33: =Input!E12 -> 0.04 | F33: =Input!F12 -> 0 | G33: =Input!G12 -> 0.03 | H33: =Input!H12 -> 0 | I33: =Input!I12 -> 0.05 | ... AD33: =Input!AD12 -> 0
A34: K2O | B34: =Input!B13 -> 0.03 | C34: =Input!C13 -> 0 | D34: =Input!D13 -> 0 | E34: =Input!E13 -> 0 | F34: =Input!F13 -> 0 | G34: =Input!G13 -> 0 | H34: =Input!H13 -> 0.01 | I34: =Input!I13 -> 0.01 | ... AD34: =Input!AD13 -> 0
A35: =A16 -> Add ox | B35: =Input!B14 -> 0 | C35: =Input!C14 -> 0 | D35: =Input!D14 -> 0 | E35: =Input!E14 -> 0 | F35: =Input!F14 -> 0 | G35: =Input!G14 -> 0 | H35: =Input!H14 -> 0 | I35: =Input!I14 -> 0 | ... AD35: =Input!AD14 -> 0
A36: H2O | B36: =Input!B15 -> 0 | C36: =Input!C15 -> 0 | D36: =Input!D15 -> 0 | E36: =Input!E15 -> 0 | F36: =Input!F15 -> 0 | G36: =Input!G15 -> 0 | H36: =Input!H15 -> 0 | I36: =Input!I15 -> 0 | ... AD36: =Input!AD15 -> 0
A37: F | B37: =Input!B16 -> 0 | C37: =Input!C16 -> 0 | D37: =Input!D16 -> 0 | E37: =Input!E16 -> 0 | F37: =Input!F16 -> 0 | G37: =Input!G16 -> 0 | H37: =Input!H16 -> 0 | I37: =Input!I16 -> 0 | ... AD37: =Input!AD16 -> 0
A38: Cl | B38: =Input!B17 -> 0 | C38: =Input!C17 -> 0 | D38: =Input!D17 -> 0 | E38: =Input!E17 -> 0 | F38: =Input!F17 -> 0 | G38: =Input!G17 -> 0 | H38: =Input!H17 -> 0 | I38: =Input!I17 -> 0 | ... AD38: =Input!AD17 -> 0
A40: Total | B40: =SUM(B24:B35) -> 99.8 | C40: =SUM(C24:C35) -> 100.9 | D40: =SUM(D24:D35) -> 100.47 | E40: =SUM(E24:E35) -> 100.85 | F40: =SUM(F24:F35) -> 100 | G40: =SUM(G24:G35) -> 100.71 | H40: =SUM(H24:H35) -> 100.64 | I40: =SUM(I24:I35) -> 100.26 | ... AD40: =SUM(AD24:AD35) -> 0
A43: Atoms
A44: Si | B44: =B24*$C4/$B4 -> 0.61351531 | C44: =C24*$C4/$B4 -> 0.62516644 | D44: =D24*$C4/$B4 -> 0.61967377 | E44: =E24*$C4/$B4 -> 0.62666445 | F44: =F24*$C4/$B4 -> 0.61185087 | G44: =G24*$C4/$B4 -> 0.62699734 | H44: =H24*$C4/$B4 -> 0.61301598 | I44: =I24*$C4/$B4 -> 0.61767643 | ... AD44: =AD24*$C4/$B4 -> 0
A45: Ti | B45: =B25*$C5/$B5 -> 0.0035043805 | C45: =C25*$C5/$B5 -> 0.00075093867 | D45: =D25*$C5/$B5 -> 0.0027534418 | E45: =E25*$C5/$B5 -> 0.00087609512 | F45: =F25*$C5/$B5 -> 0.0038798498 | G45: =G25*$C5/$B5 -> 0.0016270338 | H45: =H25*$C5/$B5 -> 0.0013767209 | I45: =I25*$C5/$B5 -> 0.00075093867 | ... AD45: =AD25*$C5/$B5 -> 0
A46: Cr | B46: =B26*$C6/$B6 -> 0 | C46: =C26*$C6/$B6 -> 0.00013158691 | D46: =D26*$C6/$B6 -> 0.00013158691 | E46: =E26*$C6/$B6 -> 0 | F46: =F26*$C6/$B6 -> 0 | G46: =G26*$C6/$B6 -> 0.00013158691 | H46: =H26*$C6/$B6 -> 0 | I46: =I26*$C6/$B6 -> 0 | ... AD46: =AD26*$C6/$B6 -> 0
A47: Al | B47: =B27*$C7/$B7 -> 0.39611536 | C47: =C27*$C7/$B7 -> 0.41436139 | D47: =D27*$C7/$B7 -> 0.39591917 | E47: =E27*$C7/$B7 -> 0.41161468 | F47: =F27*$C7/$B7 -> 0.39238768 | G47: =G27*$C7/$B7 -> 0.413969 | H47: =H27*$C7/$B7 -> 0.40258976 | I47: =I27*$C7/$B7 -> 0.40062782 | ... AD47: =AD27*$C7/$B7 -> 0
A48: Fe | B48: =B28*$C8/$B8 -> 0.28336813 | C48: =C28*$C8/$B8 -> 0.32372999 | D48: =D28*$C8/$B8 -> 0.27362561 | E48: =E28*$C8/$B8 -> 0.28336813 | F48: =F28*$C8/$B8 -> 0.12359081 | G48: =G28*$C8/$B8 -> 0.28475992 | H48: =H28*$C8/$B8 -> 0.27348643 | I48: =I28*$C8/$B8 -> 0.25386221 | ... AD48: =AD28*$C8/$B8 -> 0
A49: Mn | B49: =B29*$C9/$B9 -> 0.23894442 | C49: =C29*$C9/$B9 -> 0.17719949 | D49: =D29*$C9/$B9 -> 0.26164061 | E49: =E29*$C9/$B9 -> 0.23457434 | F49: =F29*$C9/$B9 -> 0.42502502 | G49: =G29*$C9/$B9 -> 0.21159621 | H49: =H29*$C9/$B9 -> 0.26883009 | I49: =I29*$C9/$B9 -> 0.28222225 | ... AD49: =AD29*$C9/$B9 -> 0
A50: Ni | B50: =B30*$C10/$B10 -> 0 | C50: =C30*$C10/$B10 -> 0 | D50: =D30*$C10/$B10 -> 0 | E50: =E30*$C10/$B10 -> 0 | F50: =F30*$C10/$B10 -> 0 | G50: =G30*$C10/$B10 -> 0 | H50: =H30*$C10/$B10 -> 0 | I50: =I30*$C10/$B10 -> 0 | ... AD50: =AD30*$C10/$B10 -> 0
A51: Mg | B51: =B31*$C11/$B11 -> 0.092284793 | C51: =C31*$C11/$B11 -> 0.11138675 | D51: =D31*$C11/$B11 -> 0.083354006 | E51: =E31*$C11/$B11 -> 0.098982883 | F51: =F31*$C11/$B11 -> 0.06772513 | G51: =G31*$C11/$B11 -> 0.099975192 | H51: =H31*$C11/$B11 -> 0.078144381 | I51: =I31*$C11/$B11 -> 0.082609774 | ... AD51: =AD31*$C11/$B11 -> 0
A52: Ca | B52: =B32*$C12/$B12 -> 0.024429387 | C52: =C32*$C12/$B12 -> 0.032631954 | D52: =D32*$C12/$B12 -> 0.02157632 | E52: =E32*$C12/$B12 -> 0.019971469 | F52: =F32*$C12/$B12 -> 0.020863053 | G52: =G32*$C12/$B12 -> 0.040477889 | H52: =H32*$C12/$B12 -> 0.02318117 | I52: =I32*$C12/$B12 -> 0.018188302 | ... AD52: =AD32*$C12/$B12 -> 0
A53: Na | B53: =B33*$C13/$B13 -> 0.0012906973 | C53: =C33*$C13/$B13 -> 0 | D53: =D33*$C13/$B13 -> 0.0012906973 | E53: =E33*$C13/$B13 -> 0.0012906973 | F53: =F33*$C13/$B13 -> 0 | G53: =G33*$C13/$B13 -> 0.00096802297 | H53: =H33*$C13/$B13 -> 0 | I53: =I33*$C13/$B13 -> 0.0016133716 | ... AD53: =AD33*$C13/$B13 -> 0
A54: K | B54: =B34*$C14/$B14 -> 0.00063694268 | C54: =C34*$C14/$B14 -> 0 | D54: =D34*$C14/$B14 -> 0 | E54: =E34*$C14/$B14 -> 0 | F54: =F34*$C14/$B14 -> 0 | G54: =G34*$C14/$B14 -> 0 | H54: =H34*$C14/$B14 -> 0.00021231423 | I54: =I34*$C14/$B14 -> 0.00021231423 | ... AD54: =AD34*$C14/$B14 -> 0
A55: =Input!A39 -> Add El | B55: =B35*$C16/$B16 -> 0 | C55: =C35*$C16/$B16 -> 0 | D55: =D35*$C16/$B16 -> 0 | E55: =E35*$C16/$B16 -> 0 | F55: =F35*$C16/$B16 -> 0 | G55: =G35*$C16/$B16 -> 0 | H55: =H35*$C16/$B16 -> 0 | I55: =I35*$C16/$B16 -> 0 | ... AD55: =AD35*$C16/$B16 -> 0
A56: H | B56: =B36*$C17/$B17 -> 0 | C56: =C36*$C17/$B17 -> 0 | D56: =D36*$C17/$B17 -> 0 | E56: =E36*$C17/$B17 -> 0 | F56: =F36*$C17/$B17 -> 0 | G56: =G36*$C17/$B17 -> 0 | H56: =H36*$C17/$B17 -> 0 | I56: =I36*$C17/$B17 -> 0 | ... AD56: =AD36*$C17/$B17 -> 0
A57: F | B57: =B37*$C18/$B18 -> 0 | C57: =C37*$C18/$B18 -> 0 | D57: =D37*$C18/$B18 -> 0 | E57: =E37*$C18/$B18 -> 0 | F57: =F37*$C18/$B18 -> 0 | G57: =G37*$C18/$B18 -> 0 | H57: =H37*$C18/$B18 -> 0 | I57: =I37*$C18/$B18 -> 0 | ... AD57: =AD37*$C18/$B18 -> 0
A58: Cl | B58: =B38*$C19/$B19 -> 0 | C58: =C38*$C19/$B19 -> 0 | D58: =D38*$C19/$B19 -> 0 | E58: =E38*$C19/$B19 -> 0 | F58: =F38*$C19/$B19 -> 0 | G58: =G38*$C19/$B19 -> 0 | H58: =H38*$C19/$B19 -> 0 | I58: =I38*$C19/$B19 -> 0 | ... AD58: =AD38*$C19/$B19 -> 0
A59: Total | B59: =SUM(B44:B55) -> 1.6540894 | C59: =SUM(C44:C55) -> 1.6853585 | D59: =SUM(D44:D55) -> 1.6599652 | E59: =SUM(E44:E55) -> 1.6773427 | F59: =SUM(F44:F55) -> 1.6453224 | G59: =SUM(G44:G55) -> 1.6805022 | H59: =SUM(H44:H55) -> 1.6608368 | I59: =SUM(I44:I55) -> 1.6577634 | ... AD59: =SUM(AD44:AD55) -> 0
A61: Atoms Fe3+=Input
A62: Si | B62: =B44 -> 0.61351531 | C62: =C44 -> 0.62516644 | D62: =D44 -> 0.61967377 | E62: =E44 -> 0.62666445 | F62: =F44 -> 0.61185087 | G62: =G44 -> 0.62699734 | H62: =H44 -> 0.61301598 | I62: =I44 -> 0.61767643 | ... AD62: =AD44 -> 0
A63: Ti | B63: =B45 -> 0.0035043805 | C63: =C45 -> 0.00075093867 | D63: =D45 -> 0.0027534418 | E63: =E45 -> 0.00087609512 | F63: =F45 -> 0.0038798498 | G63: =G45 -> 0.0016270338 | H63: =H45 -> 0.0013767209 | I63: =I45 -> 0.00075093867 | ... AD63: =AD45 -> 0
A64: Cr | B64: =B46 -> 0 | C64: =C46 -> 0.00013158691 | D64: =D46 -> 0.00013158691 | E64: =E46 -> 0 | F64: =F46 -> 0 | G64: =G46 -> 0.00013158691 | H64: =H46 -> 0 | I64: =I46 -> 0 | ... AD64: =AD46 -> 0
A65: Al | B65: =B47 -> 0.39611536 | C65: =C47 -> 0.41436139 | D65: =D47 -> 0.39591917 | E65: =E47 -> 0.41161468 | F65: =F47 -> 0.39238768 | G65: =G47 -> 0.413969 | H65: =H47 -> 0.40258976 | I65: =I47 -> 0.40062782 | ... AD65: =AD47 -> 0
A66: Fe3+ | B66: =B48*$G4 -> 0 | C66: =C48*$G4 -> 0 | D66: =D48*$G4 -> 0 | E66: =E48*$G4 -> 0 | F66: =F48*$G4 -> 0 | G66: =G48*$G4 -> 0 | H66: =H48*$G4 -> 0 | I66: =I48*$G4 -> 0 | ... AD66: =AD48*$G4 -> 0
A67: Fe2+ | B67: =B48*(1-$G4) -> 0.28336813 | C67: =C48*(1-$G4) -> 0.32372999 | D67: =D48*(1-$G4) -> 0.27362561 | E67: =E48*(1-$G4) -> 0.28336813 | F67: =F48*(1-$G4) -> 0.12359081 | G67: =G48*(1-$G4) -> 0.28475992 | H67: =H48*(1-$G4) -> 0.27348643 | I67: =I48*(1-$G4) -> 0.25386221 | ... AD67: =AD48*(1-$G4) -> 0
A68: Mn | B68: =B49 -> 0.23894442 | C68: =C49 -> 0.17719949 | D68: =D49 -> 0.26164061 | E68: =E49 -> 0.23457434 | F68: =F49 -> 0.42502502 | G68: =G49 -> 0.21159621 | H68: =H49 -> 0.26883009 | I68: =I49 -> 0.28222225 | ... AD68: =AD49 -> 0
A69: Ni | B69: =B50 -> 0 | C69: =C50 -> 0 | D69: =D50 -> 0 | E69: =E50 -> 0 | F69: =F50 -> 0 | G69: =G50 -> 0 | H69: =H50 -> 0 | I69: =I50 -> 0 | ... AD69: =AD50 -> 0
A70: Mg | B70: =B51 -> 0.092284793 | C70: =C51 -> 0.11138675 | D70: =D51 -> 0.083354006 | E70: =E51 -> 0.098982883 | F70: =F51 -> 0.06772513 | G70: =G51 -> 0.099975192 | H70: =H51 -> 0.078144381 | I70: =I51 -> 0.082609774 | ... AD70: =AD51 -> 0
A71: Ca | B71: =B52 -> 0.024429387 | C71: =C52 -> 0.032631954 | D71: =D52 -> 0.02157632 | E71: =E52 -> 0.019971469 | F71: =F52 -> 0.020863053 | G71: =G52 -> 0.040477889 | H71: =H52 -> 0.02318117 | I71: =I52 -> 0.018188302 | ... AD71: =AD52 -> 0
A72: Na | B72: =B53 -> 0.0012906973 | C72: =C53 -> 0 | D72: =D53 -> 0.0012906973 | E72: =E53 -> 0.0012906973 | F72: =F53 -> 0 | G72: =G53 -> 0.00096802297 | H72: =H53 -> 0 | I72: =I53 -> 0.0016133716 | ... AD72: =AD53 -> 0
A73: K | B73: =B54 -> 0.00063694268 | C73: =C54 -> 0 | D73: =D54 -> 0 | E73: =E54 -> 0 | F73: =F54 -> 0 | G73: =G54 -> 0 | H73: =H54 -> 0.00021231423 | I73: =I54 -> 0.00021231423 | ... AD73: =AD54 -> 0
A74: =A55 -> Add El | B74: =B55 -> 0 | C74: =C55 -> 0 | D74: =D55 -> 0 | E74: =E55 -> 0 | F74: =F55 -> 0 | G74: =G55 -> 0 | H74: =H55 -> 0 | ... AD74: =AD55 -> 0
A75: H | B75: =B56*$G$3/B$59 -> 0 | C75: =C56*$G$3/C$59 -> 0 | D75: =D56*$G$3/D$59 -> 0 | E75: =E56*$G$3/E$59 -> 0 | F75: =F56*$G$3/F$59 -> 0 | G75: =G56*$G$3/G$59 -> 0 | H75: =H56*$G$3/H$59 -> 0 | I75: =I56*$G$3/I$59 -> 0 | ... AD75: =AD56*$G$3/AD$59 -> #DIV/0!
A76: F | B76: =B57*$G$3/B$59 -> 0 | C76: =C57*$G$3/C$59 -> 0 | D76: =D57*$G$3/D$59 -> 0 | E76: =E57*$G$3/E$59 -> 0 | F76: =F57*$G$3/F$59 -> 0 | G76: =G57*$G$3/G$59 -> 0 | H76: =H57*$G$3/H$59 -> 0 | I76: =I57*$G$3/I$59 -> 0 | ... AD76: =AD57*$G$3/AD$59 -> #DIV/0!
A77: Cl | B77: =B58*$G$3/B$59 -> 0 | C77: =C58*$G$3/C$59 -> 0 | D77: =D58*$G$3/D$59 -> 0 | E77: =E58*$G$3/E$59 -> 0 | F77: =F58*$G$3/F$59 -> 0 | G77: =G58*$G$3/G$59 -> 0 | H77: =H58*$G$3/H$59 -> 0 | I77: =I58*$G$3/I$59 -> 0 | ... AD77: =AD58*$G$3/AD$59 -> #DIV/0!
A78: Total | B78: =SUM(B62:B74) -> 1.6540894 | C78: =SUM(C62:C74) -> 1.6853585 | D78: =SUM(D62:D74) -> 1.6599652 | E78: =SUM(E62:E74) -> 1.6773427 | F78: =SUM(F62:F74) -> 1.6453224 | G78: =SUM(G62:G74) -> 1.6805022 | H78: =SUM(H62:H74) -> 1.6608368 | I78: =SUM(I62:I74) -> 1.6577634 | ... AD78: =SUM(AD62:AD74) -> 0
A80: Charges
A81: Si | B81: =B62*$D4 -> 2.4540613 | C81: =C62*$D4 -> 2.5006658 | D81: =D62*$D4 -> 2.4786951 | E81: =E62*$D4 -> 2.5066578 | F81: =F62*$D4 -> 2.4474035 | G81: =G62*$D4 -> 2.5079893 | H81: =H62*$D4 -> 2.4520639 | I81: =I62*$D4 -> 2.4707057 | ... AD81: =AD62*$D4 -> 0
A82: Ti | B82: =B63*$D5 -> 0.014017522 | C82: =C63*$D5 -> 0.0030037547 | D82: =D63*$D5 -> 0.011013767 | E82: =E63*$D5 -> 0.0035043805 | F82: =F63*$D5 -> 0.015519399 | G82: =G63*$D5 -> 0.0065081352 | H82: =H63*$D5 -> 0.0055068836 | I82: =I63*$D5 -> 0.0030037547 | ... AD82: =AD63*$D5 -> 0
A83: Cr | B83: =B64*$D6 -> 0 | C83: =C64*$D6 -> 0.00039476074 | D83: =D64*$D6 -> 0.00039476074 | E83: =E64*$D6 -> 0 | F83: =F64*$D6 -> 0 | G83: =G64*$D6 -> 0.00039476074 | H83: =H64*$D6 -> 0 | I83: =I64*$D6 -> 0 | ... AD83: =AD64*$D6 -> 0
A84: Al | B84: =B65*$D7 -> 1.1883461 | C84: =C65*$D7 -> 1.2430842 | D84: =D65*$D7 -> 1.1877575 | E84: =E65*$D7 -> 1.234844 | F84: =F65*$D7 -> 1.177163 | G84: =G65*$D7 -> 1.241907 | H84: =H65*$D7 -> 1.2077693 | I84: =I65*$D7 -> 1.2018835 | ... AD84: =AD65*$D7 -> 0
A85: Fe3+ | B85: =B66*$D15 -> 0 | C85: =C66*$D15 -> 0 | D85: =D66*$D15 -> 0 | E85: =E66*$D15 -> 0 | F85: =F66*$D15 -> 0 | G85: =G66*$D15 -> 0 | H85: =H66*$D15 -> 0 | I85: =I66*$D15 -> 0 | ... AD85: =AD66*$D15 -> 0
A86: Fe2+ | B86: =B67*$D8 -> 0.56673626 | C86: =C67*$D8 -> 0.64745999 | D86: =D67*$D8 -> 0.54725122 | E86: =E67*$D8 -> 0.56673626 | F86: =F67*$D8 -> 0.24718163 | G86: =G67*$D8 -> 0.56951983 | H86: =H67*$D8 -> 0.54697286 | I86: =I67*$D8 -> 0.50772443 | ... AD86: =AD67*$D8 -> 0
A87: Mn | B87: =B68*$D9 -> 0.47788883 | C87: =C68*$D9 -> 0.35439897 | D87: =D68*$D9 -> 0.52328122 | E87: =E68*$D9 -> 0.46914868 | F87: =F68*$D9 -> 0.85005004 | G87: =G68*$D9 -> 0.42319241 | H87: =H68*$D9 -> 0.53766018 | I87: =I68*$D9 -> 0.56444451 | ... AD87: =AD68*$D9 -> 0
A88: Ni | B88: =B69*$D10 -> 0 | C88: =C69*$D10 -> 0 | D88: =D69*$D10 -> 0 | E88: =E69*$D10 -> 0 | F88: =F69*$D10 -> 0 | G88: =G69*$D10 -> 0 | H88: =H69*$D10 -> 0 | I88: =I69*$D10 -> 0 | ... AD88: =AD69*$D10 -> 0
A89: Mg | B89: =B70*$D11 -> 0.18456959 | C89: =C70*$D11 -> 0.22277351 | D89: =D70*$D11 -> 0.16670801 | E89: =E70*$D11 -> 0.19796577 | F89: =F70*$D11 -> 0.13545026 | G89: =G70*$D11 -> 0.19995038 | H89: =H70*$D11 -> 0.15628876 | I89: =I70*$D11 -> 0.16521955 | ... AD89: =AD70*$D11 -> 0
A90: Ca | B90: =B71*$D12 -> 0.048858773 | C90: =C71*$D12 -> 0.065263909 | D90: =D71*$D12 -> 0.043152639 | E90: =E71*$D12 -> 0.039942939 | F90: =F71*$D12 -> 0.041726106 | G90: =G71*$D12 -> 0.080955777 | H90: =H71*$D12 -> 0.04636234 | I90: =I71*$D12 -> 0.036376605 | ... AD90: =AD71*$D12 -> 0
A91: Na | B91: =B72*$D13 -> 0.0012906973 | C91: =C72*$D13 -> 0 | D91: =D72*$D13 -> 0.0012906973 | E91: =E72*$D13 -> 0.0012906973 | F91: =F72*$D13 -> 0 | G91: =G72*$D13 -> 0.00096802297 | H91: =H72*$D13 -> 0 | I91: =I72*$D13 -> 0.0016133716 | ... AD91: =AD72*$D13 -> 0
A92: K | B92: =B73*$D14 -> 0.00063694268 | C92: =C73*$D14 -> 0 | D92: =D73*$D14 -> 0 | E92: =E73*$D14 -> 0 | F92: =F73*$D14 -> 0 | G92: =G73*$D14 -> 0 | H92: =H73*$D14 -> 0.00021231423 | I92: =I73*$D14 -> 0.00021231423 | ... AD92: =AD73*$D14 -> 0
A93: =A74 -> Add El | B93: =B74*$D15 -> 0 | C93: =C74*$D15 -> 0 | D93: =D74*$D15 -> 0 | E93: =E74*$D15 -> 0 | F93: =F74*$D15 -> 0 | G93: =G74*$D15 -> 0 | H93: =H74*$D15 -> 0 | I93: =I74*$D15 -> 0 | ... AD93: =AD74*$D15 -> 0
A94: H | B94: =B75*$D17 -> 0 | C94: =C75*$D17 -> 0 | D94: =D75*$D17 -> 0 | E94: =E75*$D17 -> 0 | F94: =F75*$D17 -> 0 | G94: =G75*$D17 -> 0 | H94: =H75*$D17 -> 0 | I94: =I75*$D17 -> 0 | ... AD94: =AD75*$D17 -> #DIV/0!
A95: F | B95: =B76*$D18 -> 0 | C95: =C76*$D18 -> 0 | D95: =D76*$D18 -> 0 | E95: =E76*$D18 -> 0 | F95: =F76*$D18 -> 0 | G95: =G76*$D18 -> 0 | H95: =H76*$D18 -> 0 | I95: =I76*$D18 -> 0 | ... AD95: =AD76*$D18 -> #DIV/0!
A96: Cl | B96: =B77*$D19 -> 0 | C96: =C77*$D19 -> 0 | D96: =D77*$D19 -> 0 | E96: =E77*$D19 -> 0 | F96: =F77*$D19 -> 0 | G96: =G77*$D19 -> 0 | H96: =H77*$D19 -> 0 | I96: =I77*$D19 -> 0 | ... AD96: =AD77*$D19 -> #DIV/0!
A97: Total | B97: =SUM(B81:B93) -> 4.9364059 | C97: =SUM(C81:C93) -> 5.0370448 | D97: =SUM(D81:D93) -> 4.9595449 | E97: =SUM(E81:E93) -> 5.0200905 | F97: =SUM(F81:F93) -> 4.9144939 | G97: =SUM(G81:G93) -> 5.0313857 | H97: =SUM(H81:H93) -> 4.9528365 | I97: =SUM(I81:I93) -> 4.9511837 | ... AD97: =SUM(AD81:AD93) -> 0
A99: Factor | B99: =$J$102/B97 -> 4.8618368 | C99: =$J$102/C97 -> 4.7646985 | D99: =$J$102/D97 -> 4.8391537 | E99: =$J$102/E97 -> 4.7807903 | F99: =$J$102/F97 -> 4.883514 | G99: =$J$102/G97 -> 4.7700577 | H99: =$J$102/H97 -> 4.8457081 | I99: =$J$102/I97 -> 4.8473257 | ... AD99: =$J$102/AD97 -> #DIV/0!
A101: General Oxygen
A102: Cations (Fe2+/Fe3+ Input) | B102: Oxygens | C102: =Input!B21 -> 12 | D102: Fe3+/Fetot | E102: =G4 -> 0 | F102: OH | G102: =G5 -> 0 | H102: Ox-corr | I102: Charge(corr) | J102: =C102*2-G102 -> 24
A103: Si | B103: =B62*B$99 -> 2.9828113 | C103: =C62*C$99 -> 2.9787296 | D103: =D62*D$99 -> 2.9986966 | E103: =E62*E$99 -> 2.9959513 | F103: =F62*F$99 -> 2.9879823 | G103: =G62*G$99 -> 2.9908135 | H103: =H62*H$99 -> 2.9704965 | I103: =I62*I$99 -> 2.9940788 | ... AD103: =AD62*AD$99 -> #DIV/0!
A104: Ti | B104: =B63*B$99 -> 0.017037726 | C104: =C63*C$99 -> 0.0035779964 | D104: =D63*D$99 -> 0.013324328 | E104: =E63*E$99 -> 0.004188427 | F104: =F63*F$99 -> 0.018947301 | G104: =G63*G$99 -> 0.0077610451 | H104: =H63*H$99 -> 0.0066711876 | I104: =I63*I$99 -> 0.0036400443 | ... AD104: =AD63*AD$99 -> #DIV/0!
A105: Cr | B105: =B64*B$99 -> 0 | C105: =C64*C$99 -> 0.00062697196 | D105: =D64*D$99 -> 0.00063676929 | E105: =E64*E$99 -> 0 | F105: =F64*F$99 -> 0 | G105: =G64*G$99 -> 0.00062767716 | H105: =H64*H$99 -> 0 | I105: =I64*I$99 -> 0 | ... AD105: =AD64*AD$99 -> #DIV/0!
A106: Al | B106: =B65*B$99 -> 1.9258482 | C106: =C65*C$99 -> 1.9743071 | D106: =D65*D$99 -> 1.9159137 | E106: =E65*E$99 -> 1.9678434 | F106: =F65*F$99 -> 1.9162307 | G106: =G65*G$99 -> 1.974656 | H106: =H65*H$99 -> 1.9508324 | I106: =I65*I$99 -> 1.9419735 | ... AD106: =AD65*AD$99 -> #DIV/0!
A107: Fe3+ | B107: =B66*B$99 -> 0 | C107: =C66*C$99 -> 0 | D107: =D66*D$99 -> 0 | E107: =E66*E$99 -> 0 | F107: =F66*F$99 -> 0 | G107: =G66*G$99 -> 0 | H107: =H66*H$99 -> 0 | I107: =I66*I$99 -> 0 | ... AD107: =AD66*AD$99 -> #DIV/0!
A108: Fe2+ | B108: =B67*B$99 -> 1.3776896 | C108: =C67*C$99 -> 1.5424758 | D108: =D67*D$99 -> 1.3241164 | E108: =E67*E$99 -> 1.3547236 | F108: =F67*F$99 -> 0.60355747 | G108: =G67*G$99 -> 1.3583212 | H108: =H67*H$99 -> 1.3252354 | I108: =I67*I$99 -> 1.2305528 | ... AD108: =AD67*AD$99 -> #DIV/0!
A109: Mn | B109: =B68*B$99 -> 1.1617087 | C109: =C68*C$99 -> 0.84430213 | D109: =D68*D$99 -> 1.2661191 | E109: =E68*E$99 -> 1.1214507 | F109: =F68*F$99 -> 2.0756157 | G109: =G68*G$99 -> 1.0093261 | H109: =H68*H$99 -> 1.3026721 | I109: =I68*I$99 -> 1.3680232 | ... AD109: =AD68*AD$99 -> #DIV/0!
A110: Ni | B110: =B69*B$99 -> 0 | C110: =C69*C$99 -> 0 | D110: =D69*D$99 -> 0 | E110: =E69*E$99 -> 0 | F110: =F69*F$99 -> 0 | G110: =G69*G$99 -> 0 | H110: =H69*H$99 -> 0 | I110: =I69*I$99 -> 0 | ... AD110: =AD69*AD$99 -> #DIV/0!
...

Sheet Biotite
B2: 150 F1000 BIO1 | C2: 151 F1000 BIO2 | D2: 158 F1000 BIO3 | E2: 161 F1000 BIO4 | F2: 13 F1000 BIO5 | G2: 14 F1000 BIO6 | H2: 16 F1000 BIO7 | I2: 13 F1000 BIO5 | J2: 19 F1000 BIO8
A3: SiO2 | B3: 36.379 | C3: 35.989 | D3: 38.087 | E3: 35.965 | F3: 36.547 | G3: 37.956 | H3: 37.315 | I3: 36.547 | J3: 38.304
A4: TiO2 | B4: 7.206 | C4: 6.575 | D4: 7.509 | E4: 8.373 | F4: 6.722 | G4: 6.544 | H4: 6.902 | I4: 6.722 | J4: 7.236
A5: Cr2O3 | B5: 0 | C5: 0 | D5: 0.073 | E5: 0.092 | F5: 0 | G5: 0.077 | H5: 0.051 | I5: 0 | J5: 0.069
A6: Al2O3 | B6: 15.618 | C6: 15.239 | D6: 15.674 | E6: 15.405 | F6: 15.226 | G6: 16.232 | H6: 16.472 | I6: 15.226 | J6: 16.213
A7: FeO | B7: 12.808 | C7: 12.096 | D7: 13.138 | E7: 12.647 | F7: 12.758 | G7: 12.533 | H7: 12.039 | I7: 12.758 | J7: 12.406
A8: MnO | B8: 0.056 | C8: 0.065 | D8: 0 | E8: 0.108 | F8: 0.084 | G8: 0.057 | H8: 0 | I8: 0.084 | J8: 0
A9: NiO | B9: 0.06 | C9: 0 | D9: 0 | E9: 0.057 | F9: 0 | G9: 0 | H9: 0 | I9: 0 | J9: 0
A10: MgO | B10: 12.612 | C10: 12.863 | D10: 12.353 | E10: 11.564 | F10: 12.914 | G10: 12.21 | H10: 12.912 | I10: 12.914 | J10: 12
A11: CaO | B11: 0.247 | C11: 0.157 | D11: 0.716 | E11: 0.514 | F11: 0.412 | G11: 0.451 | H11: 0.335 | I11: 0.412 | J11: 1.135
A12: Na2O | B12: 0.571 | C12: 0.568 | D12: 0.594 | E12: 0.51 | F12: 0.562 | G12: 0.633 | H12: 0.72 | I12: 0.562 | J12: 0.776
A13: K2O | B13: 8.614 | C13: 8.648 | D13: 8.56 | E13: 8.531 | F13: 8.752 | G13: 8.397 | H13: 8.95 | I13: 8.752 | J13: 8.723
A14: H2O | B14: 0 | C14: 0 | D14: 0 | E14: 0 | F14: 0 | G14: 0 | H14: 0 | I14: 0 | J14: 0
... A16: Cl | B16: 0 | C16: 0 | D16: 0 | E16: 0 | F16: 0 | G16: 0 | H16: 0 | I16: 0 | J16: 0
B17: =SUM(B3:B13) -> 94.171 | C17: =SUM(C3:C13) -> 92.2 | D17: =SUM(D3:D13) -> 96.704 | E17: =SUM(E3:E13) -> 93.766 | F17: =SUM(F3:F13) -> 93.977 | G17: =SUM(G3:G13) -> 95.09 | H17: =SUM(H3:H13) -> 95.696 | I17: =SUM(I3:I13) -> 93.977 | J17: =SUM(J3:J13) -> 96.862
